lat,lon,day_of_year,sst,ssh,sss,temp_50m,temp_100m,temp_200m,temp_500m,is_synthetic,source_region
-1.24,56.72,274,28.31,0.796,34.97,26.88,24.23,20.21,15.12,True,Wider Indian Ocean (buffer around India)
8.22,91.97,196,29.02,0.792,34.78,28.19,25.32,21.63,17.04,True,Bay of Bengal
13.27,96.12,243,27.12,0.68,34.75,26.05,23.51,19.48,14.06,True,Bay of Bengal
11.68,60.81,244,27.89,0.71,35.08,27.05,23.79,19.72,14.63,True,Arabian Sea
-4.9,58.72,24,30.55,0.833,34.87,29.14,26.25,22.11,16.09,True,Wider Indian Ocean (buffer around India)
11.43,62.33,326,28.15,0.718,34.93,27.1,23.92,20.19,14.4,True,Arabian Sea
14.6,71.6,288,27.39,0.692,35.17,26.49,24.02,19.78,14.19,True,Arabian Sea
13.25,70.48,42,28.64,0.668,35.17,27.64,24.38,19.94,14.24,True,Arabian Sea
11.16,48.12,252,27.53,0.757,34.67,26.64,23.58,19.56,13.58,True,Wider Indian Ocean (buffer around India)
13.47,93.28,286,27.53,0.664,34.7,26.42,23.76,19.23,13.51,True,Bay of Bengal
14.62,65.63,233,27.56,0.644,35.25,26.58,24.02,19.47,14.58,True,Wider Indian Ocean (buffer around India)
21.66,83.34,269,26.66,0.678,34.91,25.58,22.32,18.47,13.39,True,Bay of Bengal
-1.92,80.48,233,28.7,0.705,34.92,27.43,24.87,20.75,15.17,True,Wider Indian Ocean (buffer around India)
15.85,94.44,279,27.24,0.747,34.82,26.2,23.19,19.33,14.16,True,Bay of Bengal
15.17,66.68,233,27.14,0.608,35.13,26.02,23.14,19.1,13.17,True,Arabian Sea
17.02,65.06,235,27.46,0.634,35.15,26.48,23.67,19.88,14.27,True,Wider Indian Ocean (buffer around India)
8.71,69.08,102,30.6,0.714,35.28,29.72,26.82,22.86,17.59,True,Arabian Sea
13.2,84.3,117,29.99,0.779,34.91,29.15,25.88,22.01,16.42,True,Bay of Bengal
12.98,76.86,239,27.2,0.711,34.93,26.08,23.71,19.94,14.14,True,Arabian Sea
14.43,54.17,228,28.53,0.778,34.79,27.65,24.76,20.64,15.48,True,Wider Indian Ocean (buffer around India)
19.77,84.21,52,29.32,0.75,34.82,28.55,25.68,21.4,15.76,True,Bay of Bengal
11.9,71.09,154,29.02,0.713,35.19,28.22,25.59,21.93,16.49,True,Arabian Sea
10.65,60.87,330,27.95,0.632,35.12,27.05,23.93,19.85,14.44,True,Arabian Sea
15.47,80.43,97,29.39,0.768,35.05,28.53,25.69,21.88,16.15,True,Wider Indian Ocean (buffer around India)
16.79,66.97,197,27.69,0.686,35.06,26.65,23.58,20.31,14.86,True,Arabian Sea
8.73,89.37,295,28.36,0.718,34.71,27.03,24.09,19.86,14.46,True,Bay of Bengal
13.99,83.59,46,29.49,0.802,34.96,28.64,25.9,21.91,15.68,True,Bay of Bengal
19.0,76.99,64,29.31,0.716,34.92,28.31,25.51,20.78,15.3,True,Arabian Sea
7.11,56.14,309,28.33,0.768,34.82,27.35,24.79,21.35,16.17,True,Wider Indian Ocean (buffer around India)
1.63,67.83,59,30.59,0.848,35.1,29.17,26.32,21.77,16.49,True,Wider Indian Ocean (buffer around India)
5.91,79.79,357,28.69,0.677,34.91,27.37,24.33,19.45,13.53,True,Wider Indian Ocean (buffer around India)
19.46,52.11,162,28.56,0.703,34.68,27.46,24.53,19.57,14.1,True,Wider Indian Ocean (buffer around India)
15.59,70.37,357,28.11,0.735,35.13,27.28,24.05,19.59,14.27,True,Arabian Sea
3.2,78.38,68,30.35,0.686,35.0,29.05,26.61,22.21,16.83,True,Wider Indian Ocean (buffer around India)
9.63,71.64,359,29.01,0.77,35.28,28.04,24.64,19.84,14.33,True,Arabian Sea
8.32,44.89,74,30.34,0.788,34.68,29.09,26.45,22.29,17.23,True,Wider Indian Ocean (buffer around India)
-0.31,83.33,177,30.25,0.822,34.83,29.28,26.16,22.69,17.42,True,Wider Indian Ocean (buffer around India)
10.1,89.0,297,28.71,0.73,34.66,27.91,25.75,21.69,15.8,True,Bay of Bengal
7.02,77.81,89,30.49,0.847,35.02,29.39,26.26,22.27,17.05,True,Wider Indian Ocean (buffer around India)
13.73,94.48,30,29.16,0.759,34.9,28.03,25.55,20.87,15.31,True,Bay of Bengal
-9.88,41.94,188,30.3,0.702,34.49,29.18,26.27,22.07,16.65,True,Wider Indian Ocean (buffer around India)
24.76,46.1,225,27.03,0.711,34.63,26.68,23.23,19.65,13.74,True,Wider Indian Ocean (buffer around India)
13.24,79.81,74,30.31,0.835,34.9,28.97,26.21,22.21,16.71,True,Wider Indian Ocean (buffer around India)
17.04,64.16,213,27.76,0.635,35.04,26.7,24.05,19.94,14.28,True,Arabian Sea
10.41,74.94,186,29.27,0.781,35.09,28.14,25.2,20.6,14.89,True,Arabian Sea
16.86,72.2,72,29.75,0.77,35.12,28.86,26.25,21.67,16.61,True,Arabian Sea
21.79,69.37,328,27.37,0.67,35.14,26.82,23.99,19.32,13.73,True,Wider Indian Ocean (buffer around India)
21.58,62.81,289,26.96,0.706,34.92,26.17,23.31,19.24,14.2,True,Arabian Sea
21.28,94.46,277,26.72,0.724,34.66,26.12,23.25,19.05,13.88,True,Bay of Bengal
-3.19,60.09,277,29.09,0.647,34.93,27.88,24.65,20.34,14.8,True,Wider Indian Ocean (buffer around India)
21.88,63.39,321,26.38,0.673,35.26,25.26,22.59,18.27,12.46,True,Arabian Sea
10.28,66.9,59,29.24,0.726,35.17,28.5,26.21,22.04,17.0,True,Wider Indian Ocean (buffer around India)
19.12,84.18,189,27.82,0.661,35.0,26.78,23.54,19.99,14.15,True,Bay of Bengal
2.13,54.3,270,28.15,0.802,34.56,26.78,23.84,20.42,15.04,True,Wider Indian Ocean (buffer around India)
13.12,80.91,66,29.62,0.723,35.03,28.28,25.29,20.95,15.18,True,Bay of Bengal
0.77,61.75,97,31.12,0.719,35.03,29.37,26.53,22.53,16.87,True,Wider Indian Ocean (buffer around India)
5.88,75.27,14,29.26,0.741,34.96,28.14,25.16,21.32,16.47,True,Wider Indian Ocean (buffer around India)
18.93,73.64,99,29.37,0.77,34.94,28.26,25.16,20.93,16.04,True,Arabian Sea
13.31,85.61,332,27.82,0.658,34.69,26.79,24.34,20.34,14.75,True,Bay of Bengal
3.56,81.5,171,28.96,0.727,34.82,27.94,24.8,20.55,15.34,True,Wider Indian Ocean (buffer around India)
8.36,71.87,358,28.96,0.665,35.23,27.97,24.93,21.18,15.96,True,Arabian Sea
6.7,93.67,124,30.08,0.821,34.77,28.99,26.36,22.23,16.93,True,Bay of Bengal
7.69,40.57,221,28.35,0.688,34.69,26.83,24.43,21.43,16.0,True,Wider Indian Ocean (buffer around India)
8.0,88.47,295,28.13,0.679,34.91,27.03,23.68,19.22,14.06,True,Bay of Bengal
7.82,53.3,219,28.45,0.713,34.8,27.37,24.4,20.38,14.86,True,Wider Indian Ocean (buffer around India)
20.01,78.54,246,27.69,0.778,35.08,27.09,24.42,20.32,14.68,True,Wider Indian Ocean (buffer around India)
10.71,91.61,271,27.41,0.778,35.05,26.41,23.03,19.04,13.44,True,Wider Indian Ocean (buffer around India)
8.57,42.41,188,28.76,0.732,34.43,27.61,24.63,20.38,14.92,True,Wider Indian Ocean (buffer around India)
11.73,61.15,364,28.73,0.705,35.07,27.54,24.42,20.16,14.54,True,Arabian Sea
5.79,76.21,144,29.95,0.684,35.14,28.84,25.51,21.62,16.22,True,Wider Indian Ocean (buffer around India)
20.48,72.61,279,27.07,0.643,35.06,26.18,23.05,18.33,13.05,True,Arabian Sea
22.98,74.44,143,28.55,0.79,35.01,27.75,25.04,20.46,15.58,True,Arabian Sea
22.44,68.1,45,28.21,0.692,35.24,27.4,24.25,20.32,15.49,True,Arabian Sea
13.42,66.71,224,28.17,0.719,35.09,26.97,24.09,20.46,14.36,True,Arabian Sea
11.34,65.41,84,30.04,0.738,35.21,28.95,26.16,22.49,17.09,True,Arabian Sea
-1.01,92.28,270,28.37,0.708,34.75,26.94,23.92,20.06,14.3,True,Wider Indian Ocean (buffer around India)
13.67,91.49,188,28.52,0.724,34.91,27.36,23.86,20.17,14.26,True,Bay of Bengal
11.85,97.67,159,29.03,0.707,34.53,28.3,25.26,21.92,16.13,True,Bay of Bengal
9.75,68.75,312,27.97,0.697,35.26,27.01,24.09,19.99,14.61,True,Arabian Sea
11.24,71.47,312,27.73,0.659,35.23,26.36,23.6,20.16,14.63,True,Arabian Sea
3.39,59.49,191,28.8,0.741,35.1,27.31,24.24,20.29,15.08,True,Wider Indian Ocean (buffer around India)
16.05,81.97,96,29.8,0.721,35.01,28.83,26.36,22.37,16.58,True,Bay of Bengal
8.4,71.11,157,29.14,0.84,35.2,27.87,24.95,21.26,15.77,True,Arabian Sea
7.05,99.71,17,29.93,0.746,34.64,28.72,26.69,22.31,16.71,True,Bay of Bengal
22.29,67.9,302,26.89,0.683,35.09,26.32,23.85,19.84,14.28,True,Arabian Sea
19.57,96.2,23,28.35,0.72,34.75,27.35,24.01,19.8,14.14,True,Wider Indian Ocean (buffer around India)
5.38,59.83,157,29.47,0.714,35.14,27.97,24.7,20.36,15.25,True,Wider Indian Ocean (buffer around India)
4.18,70.79,76,30.3,0.79,35.04,28.91,26.54,22.48,16.94,True,Wider Indian Ocean (buffer around India)
8.23,64.6,311,28.49,0.775,35.15,27.36,24.33,20.68,14.93,True,Arabian Sea
20.82,66.85,47,29.01,0.74,35.23,28.41,25.67,22.04,16.32,True,Arabian Sea
19.68,85.69,218,27.23,0.729,35.02,26.11,23.1,18.69,13.18,True,Bay of Bengal
11.24,66.31,191,28.56,0.755,35.29,27.78,25.15,19.8,13.88,True,Arabian Sea
19.95,73.59,355,27.78,0.701,35.21,26.8,23.89,19.86,14.46,True,Arabian Sea
15.7,79.39,27,29.15,0.743,35.06,28.18,25.32,20.8,14.8,True,Wider Indian Ocean (buffer around India)
15.67,67.97,306,26.92,0.707,35.11,25.82,22.74,18.19,12.67,True,Arabian Sea
19.92,67.48,79,29.08,0.721,35.35,27.99,25.63,21.66,16.37,True,Arabian Sea
-3.99,65.68,7,30.03,0.761,35.06,28.72,25.58,21.33,16.05,True,Wider Indian Ocean (buffer around India)
22.84,67.63,167,28.36,0.678,35.27,27.65,24.58,20.65,15.27,True,Arabian Sea
19.11,60.07,355,27.88,0.723,34.82,26.67,23.74,18.62,13.38,True,Arabian Sea
12.82,60.86,310,27.19,0.735,35.05,26.07,23.53,20.08,14.12,True,Arabian Sea
10.3,70.1,206,28.88,0.729,35.5,27.53,24.48,20.1,14.76,True,Arabian Sea
18.08,62.14,355,27.67,0.749,35.1,26.5,23.57,19.29,13.56,True,Arabian Sea
-1.74,77.86,324,28.54,0.638,35.19,27.41,24.83,20.96,15.73,True,Wider Indian Ocean (buffer around India)
-0.25,74.62,174,29.66,0.771,35.09,28.18,25.19,20.92,14.79,True,Wider Indian Ocean (buffer around India)
-7.09,66.16,207,29.78,0.778,35.11,28.49,25.33,21.27,15.69,True,Wider Indian Ocean (buffer around India)
9.68,61.46,293,28.31,0.68,35.06,27.28,24.43,20.48,15.19,True,Arabian Sea
3.7,57.7,140,30.2,0.738,34.88,29.14,26.28,22.91,17.23,True,Wider Indian Ocean (buffer around India)
13.07,74.34,18,28.31,0.751,35.14,27.41,24.39,19.99,14.13,True,Arabian Sea
17.07,80.98,243,26.68,0.582,35.06,26.09,22.86,18.72,12.85,True,Wider Indian Ocean (buffer around India)
16.32,99.2,43,28.96,0.773,34.64,28.1,25.64,22.04,16.81,True,Bay of Bengal
11.48,75.52,87,29.95,0.785,35.39,28.74,26.19,21.88,16.49,True,Arabian Sea
13.35,76.67,149,28.82,0.732,35.14,28.03,25.43,21.15,15.99,True,Arabian Sea
18.15,92.22,200,27.88,0.732,34.71,26.73,23.99,19.85,14.98,True,Bay of Bengal
16.09,92.86,307,27.63,0.724,34.69,26.47,24.04,20.39,14.67,True,Bay of Bengal
6.06,92.98,219,28.46,0.712,34.62,27.47,24.69,20.8,14.67,True,Bay of Bengal
18.92,87.88,29,28.36,0.765,34.75,27.07,23.94,19.7,14.28,True,Bay of Bengal
23.93,71.66,118,28.57,0.784,35.09,27.78,25.07,21.08,15.81,True,Arabian Sea
16.8,88.76,296,27.06,0.657,34.81,26.0,23.27,19.69,14.02,True,Bay of Bengal
23.71,64.91,159,28.03,0.704,35.01,27.15,24.12,20.05,14.55,True,Arabian Sea
21.71,63.15,300,26.45,0.665,35.33,25.48,22.73,18.78,13.22,True,Arabian Sea
13.03,61.97,229,27.81,0.712,34.95,26.97,24.25,19.99,14.89,True,Arabian Sea
10.27,67.08,301,27.33,0.737,35.18,26.45,23.56,19.55,14.02,True,Arabian Sea
17.86,69.02,90,28.83,0.699,35.42,28.03,25.19,21.12,15.85,True,Arabian Sea
-2.08,50.92,39,30.68,0.796,34.94,29.2,26.18,21.66,16.23,True,Wider Indian Ocean (buffer around India)
11.31,62.93,285,27.82,0.671,34.9,26.67,23.89,19.63,14.04,True,Wider Indian Ocean (buffer around India)
18.92,60.62,216,27.75,0.742,35.15,27.07,24.12,20.17,14.67,True,Wider Indian Ocean (buffer around India)
21.38,88.35,58,29.1,0.727,34.83,28.51,25.96,22.12,16.53,True,Bay of Bengal
-6.06,48.85,285,29.69,0.776,34.8,28.35,25.88,22.19,16.55,True,Wider Indian Ocean (buffer around India)
14.3,75.09,217,28.1,0.716,34.82,26.84,23.8,19.7,13.88,True,Arabian Sea
20.52,67.65,73,29.17,0.71,35.13,28.31,25.87,21.59,16.16,True,Arabian Sea
15.17,83.17,258,26.91,0.643,35.12,25.84,23.36,19.4,14.06,True,Wider Indian Ocean (buffer around India)
24.78,94.46,99,28.41,0.732,34.74,27.3,24.56,20.07,14.78,True,Wider Indian Ocean (buffer around India)
15.6,80.93,195,28.41,0.705,35.1,27.58,25.29,21.29,15.62,True,Bay of Bengal
20.81,63.05,187,27.79,0.715,35.26,26.65,23.95,19.85,13.95,True,Arabian Sea
7.27,90.37,230,27.84,0.723,34.78,26.14,23.06,19.02,13.48,True,Bay of Bengal
17.41,75.71,206,27.41,0.679,35.06,26.13,23.27,19.06,13.74,True,Arabian Sea
6.42,96.49,220,28.32,0.645,34.56,27.11,23.85,19.6,13.84,True,Bay of Bengal
19.12,66.88,340,27.69,0.634,35.13,27.15,24.51,20.7,14.72,True,Arabian Sea
13.84,91.53,271,27.11,0.712,34.82,26.02,23.0,18.68,13.13,True,Bay of Bengal
8.67,61.75,23,29.37,0.682,35.07,28.25,25.17,20.95,15.13,True,Arabian Sea
23.85,73.96,69,28.92,0.746,35.23,28.18,25.77,21.84,16.45,True,Arabian Sea
11.43,95.82,129,29.43,0.812,34.76,28.13,25.86,21.83,16.24,True,Bay of Bengal
10.24,60.5,63,29.92,0.776,35.0,28.76,25.42,21.56,16.25,True,Arabian Sea
14.98,72.21,181,28.61,0.714,35.12,27.66,24.8,20.44,15.18,True,Wider Indian Ocean (buffer around India)
11.82,76.11,133,29.28,0.753,34.96,27.99,24.9,20.89,15.97,True,Arabian Sea
19.29,89.44,120,28.89,0.792,34.85,27.88,25.08,21.04,15.42,True,Bay of Bengal
21.03,91.0,131,28.66,0.746,34.7,27.96,25.13,21.0,15.9,True,Bay of Bengal
-7.54,67.47,317,29.42,0.734,35.12,28.03,25.54,22.29,16.98,True,Wider Indian Ocean (buffer around India)
17.4,89.51,147,28.66,0.662,34.76,27.6,24.32,20.27,15.06,True,Bay of Bengal
15.87,83.51,174,27.99,0.702,35.09,27.05,24.24,20.43,14.63,True,Bay of Bengal
3.41,53.89,222,28.93,0.671,34.92,27.62,24.88,21.3,15.59,True,Wider Indian Ocean (buffer around India)
23.27,68.14,160,28.65,0.701,35.07,27.97,24.62,20.66,15.32,True,Wider Indian Ocean (buffer around India)
-0.42,48.75,275,28.31,0.686,34.73,27.38,24.47,20.58,15.14,True,Wider Indian Ocean (buffer around India)
18.7,74.46,229,27.64,0.686,35.19,26.72,24.46,19.8,14.22,True,Wider Indian Ocean (buffer around India)
17.54,71.52,206,27.61,0.681,35.1,26.72,23.53,19.13,14.36,True,Arabian Sea
16.91,62.28,29,28.58,0.74,35.29,27.42,24.58,20.03,14.36,True,Arabian Sea
6.17,80.72,85,30.39,0.795,35.03,29.29,26.39,21.66,16.19,True,Bay of Bengal
6.27,95.17,2,29.05,0.703,34.86,27.83,24.38,19.82,15.01,True,Bay of Bengal
8.46,65.83,73,29.78,0.727,35.24,28.4,25.66,21.14,15.72,True,Arabian Sea
11.74,71.91,76,29.51,0.768,35.12,28.39,25.83,21.13,15.22,True,Arabian Sea
8.43,84.06,44,29.92,0.79,35.07,28.57,25.8,21.8,15.94,True,Bay of Bengal
14.99,66.94,79,29.8,0.807,35.01,28.77,25.64,22.11,16.63,True,Arabian Sea
-4.95,77.93,174,30.11,0.789,34.9,28.59,25.46,21.03,15.64,True,Wider Indian Ocean (buffer around India)
4.94,62.59,187,29.1,0.762,34.9,28.07,25.54,21.51,15.57,True,Wider Indian Ocean (buffer around India)
19.07,94.99,120,29.16,0.715,34.59,28.09,25.4,21.16,15.87,True,Bay of Bengal
21.47,88.66,277,26.66,0.617,34.93,25.75,22.81,18.56,12.88,True,Bay of Bengal
12.47,50.25,346,27.64,0.761,34.74,26.91,23.99,19.46,14.08,True,Wider Indian Ocean (buffer around India)
8.68,71.35,72,29.85,0.741,35.2,28.83,26.06,21.65,16.27,True,Arabian Sea
18.25,84.12,238,27.19,0.743,34.8,26.61,24.01,19.42,14.4,True,Bay of Bengal
5.1,96.37,108,30.75,0.749,34.69,29.52,26.97,22.93,17.92,True,Bay of Bengal
10.65,85.1,165,29.35,0.748,34.96,28.4,25.6,20.84,15.9,True,Bay of Bengal
11.68,81.44,3,29.17,0.712,34.87,28.35,25.62,22.16,16.46,True,Bay of Bengal
19.19,65.06,281,26.43,0.709,35.02,25.89,23.22,19.84,14.13,True,Wider Indian Ocean (buffer around India)
12.7,75.56,191,28.67,0.74,34.99,27.6,25.09,20.62,15.25,True,Arabian Sea
10.96,69.25,128,29.49,0.765,35.39,28.31,25.83,22.01,15.78,True,Wider Indian Ocean (buffer around India)
10.6,81.97,153,29.82,0.739,34.85,28.74,25.37,21.64,16.18,True,Bay of Bengal
4.18,91.27,189,29.11,0.796,34.85,28.13,25.36,21.34,15.71,True,Wider Indian Ocean (buffer around India)
17.18,48.29,173,28.58,0.733,34.73,27.71,24.97,21.37,16.04,True,Wider Indian Ocean (buffer around India)
10.86,95.15,78,29.96,0.85,34.78,28.89,26.48,22.28,16.55,True,Bay of Bengal
16.58,54.02,157,28.76,0.759,34.86,27.58,24.71,21.13,15.64,True,Wider Indian Ocean (buffer around India)
2.3,68.99,254,28.54,0.713,35.22,27.35,24.14,19.99,15.05,True,Wider Indian Ocean (buffer around India)
14.0,87.48,119,29.78,0.764,34.88,28.86,25.82,22.51,17.08,True,Bay of Bengal
-2.68,40.78,339,28.87,0.736,34.65,27.41,24.05,19.96,14.47,True,Wider Indian Ocean (buffer around India)
7.35,91.59,107,29.97,0.727,34.76,29.07,26.18,21.95,16.6,True,Bay of Bengal
-7.2,90.05,160,30.54,0.827,34.84,29.22,26.51,22.36,17.28,True,Wider Indian Ocean (buffer around India)
19.92,75.72,49,28.76,0.741,34.96,27.83,24.6,21.2,15.79,True,Arabian Sea
8.21,59.18,156,29.42,0.739,34.87,28.05,25.13,21.12,15.59,True,Wider Indian Ocean (buffer around India)
-1.2,90.18,184,29.47,0.722,34.84,28.18,25.11,20.8,15.11,True,Wider Indian Ocean (buffer around India)
1.3,86.12,156,30.38,0.736,34.89,29.33,26.19,21.72,16.14,True,Wider Indian Ocean (buffer around India)
18.74,62.78,363,28.57,0.704,34.92,27.48,25.21,21.01,15.54,True,Arabian Sea
9.7,72.35,289,27.59,0.724,35.36,26.16,23.65,20.41,15.02,True,Arabian Sea
13.25,80.3,288,27.64,0.717,34.99,26.57,24.06,19.55,13.63,True,Bay of Bengal
10.22,86.53,336,28.36,0.699,34.82,27.33,24.37,20.07,14.69,True,Wider Indian Ocean (buffer around India)
0.15,75.52,7,30.12,0.853,35.09,28.83,26.09,22.46,17.16,True,Wider Indian Ocean (buffer around India)
23.39,65.09,340,27.22,0.657,35.19,26.45,23.37,18.77,12.63,True,Arabian Sea
20.4,89.88,249,26.65,0.675,34.69,26.13,23.42,18.34,13.19,True,Bay of Bengal
6.51,96.34,187,28.52,0.671,34.74,27.37,24.06,19.89,14.33,True,Bay of Bengal
12.97,96.38,211,28.01,0.726,34.65,27.28,24.81,20.68,15.17,True,Wider Indian Ocean (buffer around India)
13.58,88.51,106,30.27,0.741,34.86,29.56,26.19,22.26,16.99,True,Bay of Bengal
19.43,93.39,107,29.18,0.809,34.55,28.76,25.79,22.57,17.56,True,Bay of Bengal
16.34,89.58,176,28.56,0.75,34.78,27.71,24.95,20.63,15.46,True,Bay of Bengal
13.07,61.88,139,29.52,0.843,34.87,28.88,25.91,21.53,16.14,True,Arabian Sea
12.57,86.64,180,28.64,0.691,34.9,27.62,24.21,19.9,14.39,True,Bay of Bengal
11.2,76.88,67,29.88,0.792,34.95,29.04,26.1,22.22,16.54,True,Arabian Sea
10.86,73.53,273,27.62,0.657,35.22,26.86,24.34,20.59,15.54,True,Wider Indian Ocean (buffer around India)
15.88,94.04,101,29.31,0.703,34.83,28.94,26.28,21.9,16.12,True,Bay of Bengal
12.1,49.15,55,29.9,0.843,34.78,29.0,26.44,22.5,16.93,True,Wider Indian Ocean (buffer around India)
14.54,64.15,15,28.4,0.741,35.06,27.09,23.61,19.66,14.2,True,Arabian Sea
8.1,49.59,222,28.83,0.71,34.84,27.44,24.46,20.49,14.85,True,Wider Indian Ocean (buffer around India)
-3.64,93.36,230,29.23,0.765,34.82,27.61,24.43,20.11,15.02,True,Wider Indian Ocean (buffer around India)
18.03,91.62,99,29.19,0.721,34.81,28.18,25.19,21.5,16.01,True,Wider Indian Ocean (buffer around India)
13.21,60.63,60,29.43,0.758,35.01,28.31,24.73,20.34,14.43,True,Arabian Sea
12.0,92.54,272,27.8,0.699,34.77,26.93,23.88,19.46,13.97,True,Bay of Bengal
10.92,87.14,224,27.94,0.693,34.76,26.87,24.57,20.47,14.93,True,Bay of Bengal
18.5,75.17,198,28.06,0.784,35.05,27.02,24.55,20.24,14.94,True,Arabian Sea
-6.86,66.91,98,32.07,0.868,35.28,30.94,28.12,24.46,19.12,True,Wider Indian Ocean (buffer around India)
7.95,86.34,135,30.41,0.726,34.97,29.23,26.41,21.46,15.85,True,Bay of Bengal
16.12,82.99,86,29.29,0.786,34.91,28.39,25.4,21.38,15.72,True,Wider Indian Ocean (buffer around India)
14.4,84.68,266,27.46,0.724,34.89,26.51,23.4,18.85,13.09,True,Bay of Bengal
18.59,66.15,203,27.75,0.678,35.02,26.78,23.9,19.46,14.0,True,Arabian Sea
20.84,84.87,358,27.79,0.664,34.97,26.66,23.9,19.92,14.64,True,Bay of Bengal
16.18,40.68,138,29.3,0.758,34.68,28.3,25.42,21.82,16.45,True,Wider Indian Ocean (buffer around India)
8.89,72.64,290,27.75,0.666,35.07,26.96,24.43,20.27,14.88,True,Arabian Sea
21.32,70.57,219,27.17,0.674,35.21,26.93,23.61,19.23,13.74,True,Arabian Sea
12.33,60.51,15,28.98,0.78,35.07,28.18,25.5,20.62,15.22,True,Arabian Sea
14.38,63.0,301,27.19,0.647,35.09,26.57,23.44,18.61,13.64,True,Arabian Sea
8.11,95.85,72,30.23,0.761,34.65,29.23,26.39,22.48,16.65,True,Bay of Bengal
6.0,82.51,349,28.53,0.74,35.15,27.35,24.33,20.39,14.74,True,Bay of Bengal
17.59,60.32,183,28.34,0.733,35.0,27.46,24.85,20.4,15.05,True,Arabian Sea
11.37,85.59,54,29.47,0.8,34.54,28.67,25.77,21.54,15.98,True,Bay of Bengal
7.5,97.7,137,29.75,0.813,34.78,28.76,25.75,21.43,15.67,True,Bay of Bengal
20.56,76.72,272,27.51,0.665,35.07,26.86,24.27,20.13,14.62,True,Arabian Sea
9.83,66.75,22,28.72,0.762,35.03,27.79,25.03,20.23,14.93,True,Arabian Sea
17.21,91.87,97,29.85,0.781,34.84,29.12,26.23,21.42,15.66,True,Wider Indian Ocean (buffer around India)
15.34,76.89,259,27.37,0.617,35.0,26.21,23.86,19.55,14.24,True,Arabian Sea
17.38,90.1,174,28.18,0.757,34.86,27.22,24.71,21.05,15.51,True,Bay of Bengal
-2.19,53.67,338,28.78,0.789,35.05,27.45,24.63,20.43,15.01,True,Wider Indian Ocean (buffer around India)
14.7,68.19,196,28.39,0.767,35.17,27.81,25.05,20.69,15.0,True,Arabian Sea
5.1,51.98,108,30.92,0.824,34.79,29.54,26.1,22.24,17.15,True,Wider Indian Ocean (buffer around India)
18.23,61.88,111,29.57,0.741,34.97,28.41,25.23,21.56,16.6,True,Arabian Sea
-9.45,64.83,330,30.0,0.733,35.05,28.29,25.52,22.23,16.58,True,Wider Indian Ocean (buffer around India)
24.79,85.8,232,26.91,0.672,34.89,25.97,23.17,19.14,13.58,True,Wider Indian Ocean (buffer around India)
14.65,76.32,147,28.95,0.698,35.18,27.82,24.57,20.98,16.38,True,Arabian Sea
15.55,92.33,291,27.78,0.703,34.78,26.57,23.89,20.02,14.4,True,Bay of Bengal
11.79,63.61,311,27.43,0.713,35.11,26.46,23.36,19.03,13.52,True,Arabian Sea
15.4,71.09,104,29.54,0.815,35.02,28.9,26.08,22.13,17.23,True,Arabian Sea
12.42,99.38,328,27.81,0.747,34.61,26.82,23.7,19.08,13.53,True,Bay of Bengal
9.78,86.95,96,30.28,0.817,34.98,28.97,26.26,22.57,16.9,True,Bay of Bengal
7.6,94.8,224,28.23,0.705,34.54,26.95,23.61,19.21,13.62,True,Bay of Bengal
2.57,91.26,290,28.49,0.639,34.77,27.1,24.68,20.02,13.58,True,Wider Indian Ocean (buffer around India)
-9.25,75.04,307,29.25,0.76,35.04,27.88,24.8,21.23,16.02,True,Wider Indian Ocean (buffer around India)
13.49,65.7,72,29.84,0.755,35.02,28.47,26.37,22.63,17.24,True,Wider Indian Ocean (buffer around India)
24.84,61.16,264,26.28,0.657,34.88,25.54,22.98,18.99,13.12,True,Wider Indian Ocean (buffer around India)
10.03,96.41,292,27.55,0.676,34.66,26.68,24.76,20.96,15.05,True,Bay of Bengal
6.32,46.45,180,29.85,0.798,34.65,28.92,26.39,22.27,16.52,True,Wider Indian Ocean (buffer around India)
20.83,63.44,153,29.24,0.76,35.08,28.46,25.98,22.22,16.7,True,Arabian Sea
5.55,83.36,359,28.62,0.677,34.96,27.48,24.57,21.16,15.53,True,Bay of Bengal
20.39,76.2,135,29.14,0.829,35.15,28.28,25.48,21.2,15.5,True,Arabian Sea
12.92,40.65,43,29.2,0.726,34.6,28.43,25.24,21.16,15.53,True,Wider Indian Ocean (buffer around India)
21.05,58.53,55,28.61,0.771,34.98,27.85,25.04,21.36,15.94,True,Wider Indian Ocean (buffer around India)
4.31,91.05,286,27.97,0.725,34.83,26.56,23.53,19.87,14.39,True,Wider Indian Ocean (buffer around India)
10.74,64.22,30,28.78,0.796,35.05,27.56,24.75,20.5,15.39,True,Arabian Sea
12.86,76.98,249,27.47,0.673,35.04,26.46,23.19,19.17,14.08,True,Arabian Sea
16.16,86.56,194,28.39,0.724,34.83,27.43,24.51,20.65,15.18,True,Bay of Bengal
18.68,78.9,143,28.9,0.758,34.9,28.11,24.88,20.83,15.41,True,Wider Indian Ocean (buffer around India)
7.51,98.46,259,28.04,0.662,34.7,26.78,23.79,19.86,14.97,True,Bay of Bengal
10.98,94.28,260,27.94,0.709,34.75,26.93,23.86,20.02,14.52,True,Wider Indian Ocean (buffer around India)
-3.03,41.51,103,31.11,0.766,34.71,29.84,27.21,22.96,17.0,True,Wider Indian Ocean (buffer around India)
8.2,75.7,26,29.65,0.743,35.04,28.65,25.55,21.35,15.63,True,Arabian Sea
21.87,85.48,23,28.06,0.797,34.79,27.03,24.36,21.0,15.47,True,Bay of Bengal
17.92,94.3,23,28.56,0.763,34.74,27.55,24.3,20.1,14.36,True,Bay of Bengal
18.31,70.91,305,26.96,0.718,35.16,26.12,23.34,19.23,13.47,True,Wider Indian Ocean (buffer around India)
16.23,68.19,306,27.0,0.699,35.09,26.02,22.76,19.3,13.71,True,Arabian Sea
17.58,76.59,313,28.15,0.682,35.16,27.16,24.44,20.05,14.73,True,Arabian Sea
10.66,95.49,292,27.45,0.67,34.67,26.61,24.06,19.93,15.3,True,Wider Indian Ocean (buffer around India)
6.33,86.87,150,30.08,0.765,34.93,28.91,25.79,21.17,15.6,True,Wider Indian Ocean (buffer around India)
1.0,75.06,101,31.16,0.809,34.96,30.05,27.26,22.62,17.65,True,Wider Indian Ocean (buffer around India)
14.07,61.22,159,28.58,0.748,34.95,27.65,24.9,20.46,14.96,True,Arabian Sea
24.41,46.22,88,29.3,0.761,34.76,28.71,25.61,21.81,16.04,True,Wider Indian Ocean (buffer around India)
12.75,84.81,92,29.96,0.746,35.05,29.15,27.14,23.49,18.25,True,Bay of Bengal
11.41,89.9,10,28.81,0.711,34.89,27.74,25.27,21.14,15.75,True,Bay of Bengal
8.17,76.6,295,27.89,0.642,35.06,26.48,23.31,19.38,14.02,True,Arabian Sea
12.79,96.8,291,27.16,0.685,34.68,26.03,23.56,19.35,13.29,True,Bay of Bengal
21.19,72.43,283,26.34,0.711,35.17,25.49,22.86,18.39,12.44,True,Arabian Sea
9.56,93.04,137,29.72,0.729,34.7,28.76,25.81,21.57,15.72,True,Bay of Bengal
21.27,60.21,88,28.8,0.714,34.95,27.89,25.21,21.42,15.69,True,Arabian Sea
17.16,94.72,98,29.29,0.734,34.84,28.13,25.42,21.31,15.84,True,Bay of Bengal
20.47,63.16,47,28.56,0.775,35.08,27.81,25.24,20.74,15.11,True,Arabian Sea
19.43,96.17,107,29.15,0.749,34.75,28.0,25.28,21.6,15.65,True,Bay of Bengal
14.7,93.56,163,28.96,0.736,34.75,28.01,24.67,21.26,16.19,True,Bay of Bengal
21.94,86.78,279,26.71,0.634,34.77,25.97,22.78,19.36,14.11,True,Bay of Bengal
19.17,68.65,110,28.9,0.768,35.27,27.62,24.48,19.93,14.37,True,Arabian Sea
14.54,69.77,37,29.28,0.842,35.07,28.29,25.59,21.61,16.11,True,Arabian Sea
22.98,73.91,342,27.34,0.713,35.11,26.85,23.74,19.24,13.34,True,Arabian Sea
17.51,68.79,59,28.86,0.725,35.27,28.06,24.98,20.94,15.51,True,Arabian Sea
8.12,75.23,325,28.39,0.742,35.17,27.4,25.26,21.09,15.52,True,Arabian Sea
10.52,65.47,199,28.64,0.719,35.22,27.53,25.04,20.3,14.51,True,Arabian Sea
22.98,61.71,126,28.66,0.753,35.0,28.12,25.34,21.07,15.92,True,Arabian Sea
14.21,61.62,60,29.6,0.777,35.04,28.53,25.32,21.0,15.78,True,Arabian Sea
-6.79,59.9,18,30.35,0.797,35.22,29.14,25.74,21.76,16.0,True,Wider Indian Ocean (buffer around India)
17.35,67.25,187,28.13,0.633,34.97,27.04,24.37,19.82,14.64,True,Wider Indian Ocean (buffer around India)
20.04,84.35,71,29.36,0.768,34.93,28.54,25.37,21.04,15.64,True,Bay of Bengal
24.92,45.78,89,28.46,0.756,34.6,27.76,24.98,20.86,15.31,True,Wider Indian Ocean (buffer around India)
20.49,78.94,308,27.31,0.746,35.03,26.72,23.75,19.77,14.69,True,Wider Indian Ocean (buffer around India)
12.3,94.18,241,27.64,0.719,34.55,26.78,23.88,19.18,13.24,True,Bay of Bengal
-4.87,60.59,194,30.02,0.76,35.01,28.84,25.9,21.97,16.69,True,Wider Indian Ocean (buffer around India)
9.2,99.54,125,29.73,0.813,34.45,28.8,26.03,22.03,16.76,True,Bay of Bengal
-8.3,97.96,173,30.32,0.74,34.5,28.58,25.78,22.17,16.48,True,Wider Indian Ocean (buffer around India)
20.82,65.14,308,27.06,0.677,35.18,26.25,23.92,19.68,14.42,True,Arabian Sea
23.14,64.34,305,26.18,0.647,35.16,25.55,22.28,18.25,12.51,True,Arabian Sea
20.6,69.96,96,29.25,0.763,35.14,28.34,25.15,21.5,15.95,True,Arabian Sea
12.71,80.47,84,29.68,0.842,34.95,28.9,25.92,21.47,15.57,True,Bay of Bengal
3.73,82.83,97,30.69,0.77,34.91,29.83,26.71,21.89,16.42,True,Wider Indian Ocean (buffer around India)
23.33,68.51,226,27.02,0.684,35.07,26.14,23.21,19.27,13.6,True,Arabian Sea
15.85,61.91,355,28.51,0.718,35.14,27.71,25.12,21.04,15.39,True,Arabian Sea
18.19,44.75,162,28.67,0.655,34.65,27.95,24.95,20.37,14.77,True,Wider Indian Ocean (buffer around India)
13.9,90.69,166,28.63,0.772,34.9,27.3,24.38,19.88,14.42,True,Bay of Bengal
-6.99,65.0,173,30.23,0.773,34.94,28.63,25.93,21.51,15.4,True,Wider Indian Ocean (buffer around India)
5.47,90.42,365,28.88,0.806,34.61,27.7,24.45,20.46,15.32,True,Bay of Bengal
21.41,75.42,200,26.92,0.647,35.01,25.81,23.37,18.94,13.27,True,Arabian Sea
12.07,91.11,225,27.82,0.66,34.92,26.67,23.92,19.94,14.01,True,Bay of Bengal
10.79,60.39,313,27.83,0.643,35.09,26.73,23.68,19.46,14.08,True,Arabian Sea
20.35,76.74,128,28.53,0.746,35.0,27.88,24.72,20.6,15.42,True,Arabian Sea
18.59,97.97,322,27.09,0.663,34.85,26.22,23.7,19.93,14.4,True,Bay of Bengal
17.7,61.6,166,28.63,0.744,34.99,27.74,24.76,20.95,15.9,True,Arabian Sea
-5.58,56.72,104,31.01,0.786,34.92,29.57,26.21,22.11,16.81,True,Wider Indian Ocean (buffer around India)
19.25,87.09,35,28.49,0.682,35.03,27.45,24.7,20.2,14.53,True,Bay of Bengal
7.96,76.34,218,28.7,0.738,35.23,27.58,24.41,20.53,14.94,True,Wider Indian Ocean (buffer around India)
12.12,51.26,118,29.81,0.789,34.71,28.44,25.49,21.54,15.81,True,Wider Indian Ocean (buffer around India)
7.88,75.81,202,28.27,0.783,35.14,27.03,23.76,19.84,14.04,True,Wider Indian Ocean (buffer around India)
-3.99,54.83,23,30.36,0.855,34.86,29.01,26.47,22.47,16.59,True,Wider Indian Ocean (buffer around India)
12.3,89.17,204,28.37,0.759,34.76,27.09,23.81,19.4,14.33,True,Bay of Bengal
11.73,96.27,325,27.99,0.716,34.66,27.07,24.1,19.85,14.7,True,Bay of Bengal
8.35,48.89,4,29.05,0.684,34.8,27.81,25.13,21.27,15.9,True,Wider Indian Ocean (buffer around India)
19.61,85.84,13,28.91,0.731,35.07,28.31,25.8,21.08,15.29,True,Wider Indian Ocean (buffer around India)
18.43,63.03,322,27.18,0.719,35.01,26.37,23.68,19.75,13.96,True,Arabian Sea
18.02,73.87,229,26.98,0.713,35.1,25.8,22.84,17.89,12.54,True,Arabian Sea
9.83,91.22,334,28.06,0.709,34.86,26.93,24.39,20.5,14.93,True,Bay of Bengal
23.09,79.86,52,29.3,0.731,35.03,28.28,25.39,20.79,14.88,True,Wider Indian Ocean (buffer around India)
-4.81,77.3,142,30.74,0.828,35.04,29.39,26.31,22.32,17.08,True,Wider Indian Ocean (buffer around India)
15.46,75.98,362,28.39,0.766,35.18,27.05,24.13,20.1,15.01,True,Arabian Sea
19.17,99.91,50,28.85,0.722,34.58,27.9,24.99,20.74,15.34,True,Bay of Bengal
18.49,83.15,306,26.97,0.662,34.93,26.33,23.7,19.57,13.63,True,Bay of Bengal
7.69,80.45,336,28.62,0.753,35.02,27.42,24.05,21.0,15.09,True,Bay of Bengal
7.48,80.67,211,28.95,0.734,34.77,27.79,24.9,20.4,14.67,True,Bay of Bengal
-2.91,81.61,183,30.0,0.822,34.97,28.71,25.65,21.55,15.53,True,Wider Indian Ocean (buffer around India)
11.85,63.01,35,28.82,0.736,34.97,28.18,25.19,20.91,15.09,True,Arabian Sea
5.75,92.64,349,29.09,0.764,34.69,27.82,24.44,20.37,15.03,True,Bay of Bengal
12.65,64.11,293,27.13,0.703,34.99,25.78,22.56,17.76,12.52,True,Arabian Sea
24.73,70.34,260,27.17,0.7,35.22,26.17,23.68,19.73,14.6,True,Wider Indian Ocean (buffer around India)
22.35,76.15,352,27.23,0.71,35.15,26.01,23.71,19.13,13.51,True,Arabian Sea
-3.08,78.94,214,29.53,0.778,34.99,28.35,25.51,21.27,15.71,True,Wider Indian Ocean (buffer around India)
20.46,67.96,322,26.84,0.738,35.03,26.11,22.85,18.82,13.17,True,Arabian Sea
-0.32,76.17,286,28.54,0.799,34.9,27.52,25.29,21.47,16.35,True,Wider Indian Ocean (buffer around India)
18.4,70.19,105,29.17,0.728,35.22,28.36,25.17,21.14,15.5,True,Arabian Sea
13.46,82.36,349,27.77,0.657,34.96,26.68,23.62,20.04,14.46,True,Bay of Bengal
2.87,81.46,232,28.95,0.731,34.87,27.61,24.41,20.15,14.18,True,Wider Indian Ocean (buffer around India)
15.05,45.71,221,27.13,0.66,34.82,26.19,23.5,19.56,14.49,True,Wider Indian Ocean (buffer around India)
1.71,82.24,102,30.59,0.874,34.96,29.45,26.58,22.52,17.14,True,Wider Indian Ocean (buffer around India)
4.6,68.13,192,29.45,0.746,35.17,28.24,25.43,21.44,15.62,True,Wider Indian Ocean (buffer around India)
7.96,94.0,23,29.43,0.819,34.74,28.28,25.82,20.99,15.42,True,Bay of Bengal
5.35,91.59,218,28.21,0.65,34.66,27.08,24.77,20.58,15.55,True,Bay of Bengal
8.48,87.2,288,27.75,0.666,34.83,26.59,23.76,20.09,14.2,True,Bay of Bengal
7.28,92.0,116,29.75,0.793,34.92,28.54,25.15,21.41,15.29,True,Bay of Bengal
8.93,69.16,84,29.34,0.809,35.18,28.28,24.96,20.79,13.97,True,Arabian Sea
8.72,74.51,121,30.31,0.738,35.1,29.31,26.49,21.91,16.34,True,Arabian Sea
-3.84,88.6,306,28.69,0.724,34.81,27.01,23.73,19.37,13.9,True,Wider Indian Ocean (buffer around India)
7.82,82.3,229,27.98,0.686,34.89,26.53,24.17,20.41,14.8,True,Bay of Bengal
8.55,65.33,221,28.57,0.723,35.11,27.69,25.0,21.03,15.75,True,Wider Indian Ocean (buffer around India)
10.11,73.13,164,28.65,0.694,35.09,27.5,25.03,21.39,15.98,True,Arabian Sea
14.28,97.08,84,29.47,0.721,34.53,28.37,25.1,19.83,14.46,True,Bay of Bengal
14.34,91.98,354,28.33,0.741,34.54,26.92,23.85,20.26,14.96,True,Bay of Bengal
6.13,89.02,35,29.69,0.767,34.77,28.7,25.31,21.5,15.75,True,Bay of Bengal
21.54,45.14,99,29.55,0.733,34.68,28.6,26.13,22.43,17.04,True,Wider Indian Ocean (buffer around India)
11.14,72.33,354,28.75,0.776,35.12,27.65,24.93,20.59,14.64,True,Arabian Sea
11.64,72.47,178,28.75,0.681,35.19,27.48,24.76,20.86,15.38,True,Arabian Sea
10.65,75.37,196,28.54,0.747,35.18,27.79,24.89,21.24,16.23,True,Arabian Sea
15.84,60.01,178,28.27,0.755,35.12,27.34,24.56,20.25,14.72,True,Arabian Sea
20.43,89.88,220,27.32,0.66,35.0,26.38,23.78,19.79,14.14,True,Bay of Bengal
15.64,82.23,131,29.72,0.732,34.9,28.72,25.4,21.07,15.05,True,Bay of Bengal
-8.84,78.6,248,28.78,0.773,34.91,27.14,24.69,21.09,16.07,True,Wider Indian Ocean (buffer around India)
16.15,90.11,346,27.98,0.665,34.74,27.21,24.36,19.7,14.26,True,Bay of Bengal
23.2,55.27,169,27.37,0.634,34.96,26.34,23.38,19.19,13.49,True,Wider Indian Ocean (buffer around India)
18.15,70.75,318,27.12,0.708,35.24,26.06,23.22,19.4,14.07,True,Arabian Sea
14.5,89.86,253,27.2,0.74,34.9,26.64,24.03,20.12,14.63,True,Bay of Bengal
10.29,71.53,246,27.97,0.628,35.17,26.69,24.1,20.38,14.61,True,Arabian Sea
12.97,72.04,143,29.4,0.774,35.07,28.53,25.61,21.14,15.71,True,Arabian Sea
14.55,86.85,63,29.14,0.767,35.0,28.33,25.06,20.97,15.02,True,Bay of Bengal
19.28,87.5,180,28.24,0.697,34.97,27.14,24.37,20.47,14.72,True,Bay of Bengal
-9.39,55.23,248,29.53,0.688,34.74,28.38,25.72,21.5,15.94,True,Wider Indian Ocean (buffer around India)
13.41,94.31,8,28.79,0.753,34.86,27.91,25.26,20.89,15.59,True,Bay of Bengal
11.71,68.36,248,28.0,0.723,34.93,26.76,23.59,20.03,13.55,True,Wider Indian Ocean (buffer around India)
8.38,45.8,105,30.39,0.752,34.68,29.5,26.45,22.78,17.35,True,Wider Indian Ocean (buffer around India)
16.93,91.35,282,26.96,0.741,34.85,26.01,23.1,18.76,12.79,True,Bay of Bengal
16.76,94.99,18,29.2,0.729,34.71,28.08,24.9,20.4,14.73,True,Bay of Bengal
13.1,64.56,118,30.18,0.83,35.06,29.05,25.66,20.99,15.78,True,Wider Indian Ocean (buffer around India)
17.93,72.49,242,26.85,0.694,35.12,26.01,23.23,19.14,13.69,True,Arabian Sea
1.96,49.24,115,30.84,0.807,34.88,29.79,26.68,22.48,17.01,True,Wider Indian Ocean (buffer around India)
5.09,85.5,64,30.31,0.819,34.86,29.77,26.86,23.14,17.72,True,Bay of Bengal
15.65,73.0,25,28.75,0.689,35.24,27.93,25.41,21.39,16.11,True,Arabian Sea
15.34,74.51,307,27.19,0.688,35.12,26.18,23.24,19.47,14.21,True,Arabian Sea
20.09,68.35,194,28.15,0.748,35.27,27.26,24.37,19.94,14.51,True,Arabian Sea
8.09,76.86,47,29.72,0.77,35.09,28.63,25.99,21.64,16.14,True,Arabian Sea
19.25,63.75,111,29.08,0.753,35.01,27.96,24.9,20.69,14.6,True,Arabian Sea
13.0,63.99,78,29.87,0.797,35.2,29.04,26.08,22.29,16.75,True,Arabian Sea
22.54,64.1,256,26.57,0.646,35.01,25.73,23.3,19.46,13.95,True,Arabian Sea
18.89,72.23,340,27.47,0.675,35.08,26.67,23.51,19.26,14.09,True,Arabian Sea
-3.65,73.69,326,29.12,0.767,35.06,28.05,25.51,21.32,15.74,True,Wider Indian Ocean (buffer around India)
17.16,62.74,238,27.29,0.631,35.07,26.26,23.4,19.28,14.06,True,Arabian Sea
19.2,65.48,37,28.86,0.698,34.95,27.51,25.07,20.67,14.73,True,Arabian Sea
12.22,91.66,83,29.3,0.753,34.72,27.93,25.08,20.91,14.93,True,Bay of Bengal
12.36,73.33,227,27.87,0.638,35.31,26.78,23.65,19.62,13.79,True,Arabian Sea
15.18,83.99,72,29.56,0.796,34.84,28.83,26.3,21.79,16.55,True,Wider Indian Ocean (buffer around India)
24.79,59.56,265,25.96,0.669,34.87,24.97,22.13,18.38,13.06,True,Wider Indian Ocean (buffer around India)
19.9,85.26,214,27.32,0.703,34.99,26.77,24.44,20.31,14.82,True,Bay of Bengal
7.99,95.56,304,28.2,0.77,34.62,27.27,24.48,20.45,14.7,True,Wider Indian Ocean (buffer around India)
21.43,85.22,85,29.17,0.706,34.82,28.25,25.63,21.46,15.92,True,Bay of Bengal
18.09,73.99,237,26.93,0.672,35.15,25.54,22.38,18.83,12.73,True,Arabian Sea
-8.11,87.66,11,30.26,0.811,34.84,28.66,26.14,21.86,16.67,True,Wider Indian Ocean (buffer around India)
21.84,87.7,364,27.94,0.687,34.81,27.3,24.45,20.28,15.13,True,Bay of Bengal
12.35,90.76,32,29.36,0.725,34.96,28.4,25.01,20.43,15.35,True,Bay of Bengal
9.65,67.74,32,29.2,0.826,35.1,27.8,25.25,20.47,15.0,True,Arabian Sea
12.93,40.25,239,27.92,0.678,34.55,26.74,23.98,19.39,13.83,True,Wider Indian Ocean (buffer around India)
10.77,62.36,33,28.55,0.759,35.13,27.5,24.69,20.16,14.47,True,Arabian Sea
21.59,66.23,345,27.57,0.731,35.03,26.8,23.74,20.27,14.56,True,Arabian Sea
14.68,56.44,90,29.6,0.761,34.82,28.77,25.98,22.38,17.1,True,Wider Indian Ocean (buffer around India)
20.64,86.74,268,26.79,0.667,34.75,25.89,22.85,18.96,13.65,True,Bay of Bengal
7.63,82.72,112,30.48,0.799,34.93,29.2,26.87,22.58,16.78,True,Bay of Bengal
12.71,40.73,177,28.9,0.739,34.58,27.77,25.07,21.68,16.1,True,Wider Indian Ocean (buffer around India)
8.24,91.94,241,27.95,0.764,34.83,26.69,23.87,20.31,14.94,True,Bay of Bengal
0.03,99.13,38,30.2,0.702,34.52,28.7,25.66,22.3,17.13,True,Wider Indian Ocean (buffer around India)
17.01,93.07,144,29.09,0.751,34.79,28.19,25.35,21.81,16.35,True,Bay of Bengal
16.99,99.24,330,27.37,0.717,34.54,26.37,23.57,19.96,14.13,True,Bay of Bengal
15.07,61.38,326,27.71,0.625,34.96,26.92,24.47,20.56,14.85,True,Wider Indian Ocean (buffer around India)
-9.58,72.54,66,31.59,0.832,35.2,30.03,27.07,23.12,17.69,True,Wider Indian Ocean (buffer around India)
20.52,82.79,39,28.71,0.704,35.01,27.71,24.82,21.23,15.75,True,Bay of Bengal
12.9,95.46,358,28.08,0.739,34.7,27.17,23.48,19.39,14.21,True,Bay of Bengal
21.18,92.61,53,28.24,0.652,34.77,27.38,24.14,19.77,14.7,True,Bay of Bengal
7.31,86.54,143,29.86,0.732,34.88,28.68,25.94,21.52,15.76,True,Bay of Bengal
22.07,66.68,354,27.7,0.67,35.13,26.54,23.56,19.5,14.14,True,Arabian Sea
2.66,86.8,117,30.5,0.709,34.77,29.16,26.26,22.27,16.94,True,Wider Indian Ocean (buffer around India)
-8.64,74.12,133,31.32,0.831,35.09,30.03,27.24,23.59,17.99,True,Wider Indian Ocean (buffer around India)
18.33,84.11,23,28.06,0.634,35.1,27.13,23.38,19.14,13.4,True,Wider Indian Ocean (buffer around India)
16.08,72.75,172,28.79,0.782,35.2,27.89,25.25,20.56,14.36,True,Arabian Sea
14.59,65.68,357,28.07,0.737,35.31,26.98,24.04,19.56,13.7,True,Arabian Sea
17.25,65.45,32,28.87,0.812,35.13,27.92,24.73,20.06,14.52,True,Arabian Sea
8.4,70.13,358,28.66,0.758,35.25,27.7,24.57,19.96,14.18,True,Arabian Sea
14.71,69.41,249,26.9,0.723,35.23,25.72,22.88,18.9,13.13,True,Arabian Sea
16.78,97.85,156,29.17,0.704,34.51,28.31,25.37,21.25,15.55,True,Bay of Bengal
16.81,76.35,303,27.02,0.736,35.15,26.01,22.99,19.25,13.72,True,Wider Indian Ocean (buffer around India)
22.68,62.98,263,26.23,0.715,35.11,25.42,22.6,17.65,12.48,True,Arabian Sea
8.6,62.35,150,29.94,0.736,34.94,28.64,25.31,21.55,16.16,True,Arabian Sea
15.33,95.81,38,28.84,0.793,34.57,28.15,25.12,20.99,15.18,True,Bay of Bengal
14.87,84.89,175,28.32,0.743,34.91,27.33,24.59,20.76,15.0,True,Bay of Bengal
12.56,74.71,88,29.55,0.668,35.19,28.6,26.07,21.84,16.95,True,Arabian Sea
15.02,73.27,172,28.59,0.752,35.16,27.71,24.58,20.02,14.41,True,Arabian Sea
22.74,99.37,145,28.5,0.646,34.7,27.91,24.44,20.59,14.8,True,Wider Indian Ocean (buffer around India)
13.97,87.68,206,28.03,0.764,34.97,27.02,24.25,20.03,14.54,True,Bay of Bengal
11.07,62.33,330,28.11,0.725,35.13,27.22,24.78,20.68,14.7,True,Arabian Sea
8.14,99.4,183,28.91,0.727,34.66,28.14,25.23,21.11,16.16,True,Wider Indian Ocean (buffer around India)
13.57,83.58,163,29.11,0.81,34.98,27.89,24.39,19.51,13.73,True,Wider Indian Ocean (buffer around India)
14.16,68.42,258,26.99,0.724,35.31,26.13,22.93,18.43,12.77,True,Arabian Sea
9.96,65.4,195,28.75,0.759,35.24,28.05,25.3,21.37,16.38,True,Arabian Sea
17.46,93.84,69,29.47,0.782,34.73,28.5,25.68,21.79,16.17,True,Bay of Bengal
10.24,65.01,320,28.82,0.766,35.1,27.92,25.19,21.73,16.76,True,Arabian Sea
3.65,60.15,164,30.51,0.714,34.96,29.08,26.34,22.77,17.0,True,Wider Indian Ocean (buffer around India)
20.24,61.44,214,27.35,0.693,35.05,26.63,23.98,19.91,14.38,True,Arabian Sea
20.37,79.99,348,27.61,0.695,35.03,26.77,24.19,19.81,14.77,True,Wider Indian Ocean (buffer around India)
21.11,40.93,348,28.05,0.776,34.66,27.0,23.35,19.57,14.22,True,Wider Indian Ocean (buffer around India)
-5.99,70.2,177,29.33,0.747,35.16,28.04,25.42,21.32,16.01,True,Wider Indian Ocean (buffer around India)
15.59,73.0,341,27.69,0.688,35.22,26.38,23.27,19.73,14.74,True,Arabian Sea
16.08,85.6,146,29.26,0.74,34.84,27.77,24.39,20.12,14.22,True,Bay of Bengal
7.64,83.85,224,28.34,0.747,35.07,27.04,24.4,20.24,14.65,True,Bay of Bengal
17.69,92.88,20,28.3,0.742,34.63,27.29,24.17,20.28,14.25,True,Bay of Bengal
20.03,56.14,287,26.69,0.653,34.97,25.76,22.92,18.77,13.25,True,Wider Indian Ocean (buffer around India)
6.66,55.37,71,30.0,0.791,35.04,29.02,26.11,21.58,16.25,True,Wider Indian Ocean (buffer around India)
-0.19,93.15,209,28.78,0.731,34.57,27.29,24.54,20.98,15.5,True,Wider Indian Ocean (buffer around India)
18.45,48.7,268,26.97,0.687,34.77,26.44,23.66,20.34,14.36,True,Wider Indian Ocean (buffer around India)
11.44,99.07,290,27.76,0.674,34.71,26.67,24.16,19.77,14.1,True,Bay of Bengal
-6.37,76.44,80,31.3,0.85,35.06,29.8,26.69,22.42,17.02,True,Wider Indian Ocean (buffer around India)
13.48,82.11,295,27.31,0.658,35.21,26.29,23.83,19.59,13.96,True,Bay of Bengal
22.84,70.57,240,26.59,0.646,35.11,26.0,23.05,18.58,12.95,True,Arabian Sea
-5.76,64.92,65,31.65,0.808,35.11,30.54,28.24,24.58,19.65,True,Wider Indian Ocean (buffer around India)
8.79,66.7,90,29.96,0.762,35.29,29.18,26.33,22.53,16.67,True,Arabian Sea
0.85,95.31,249,28.45,0.658,34.44,27.27,24.01,20.39,14.8,True,Wider Indian Ocean (buffer around India)
5.44,98.45,114,30.66,0.78,34.76,29.38,26.96,23.18,17.66,True,Wider Indian Ocean (buffer around India)
-2.45,66.73,270,28.19,0.657,34.91,26.89,23.94,20.27,15.03,True,Wider Indian Ocean (buffer around India)
16.3,54.38,298,26.61,0.693,35.02,25.71,22.61,18.31,13.02,True,Wider Indian Ocean (buffer around India)
9.92,67.39,158,29.57,0.746,35.3,28.36,25.65,21.28,15.42,True,Arabian Sea
10.74,46.22,341,28.18,0.734,34.67,26.9,24.11,20.3,14.88,True,Wider Indian Ocean (buffer around India)
22.55,67.9,181,27.73,0.689,35.27,27.01,24.04,20.23,14.86,True,Arabian Sea
3.64,49.27,82,30.37,0.768,34.83,29.52,26.48,21.99,16.31,True,Wider Indian Ocean (buffer around India)
16.2,85.49,69,29.48,0.699,35.05,28.53,25.77,22.12,16.24,True,Bay of Bengal
14.69,72.66,57,28.92,0.718,35.18,27.86,25.11,21.77,16.77,True,Arabian Sea
2.81,90.58,36,30.05,0.765,34.95,28.89,26.14,21.89,16.49,True,Wider Indian Ocean (buffer around India)
10.89,61.63,342,28.5,0.701,35.1,27.34,24.71,20.04,14.34,True,Arabian Sea
5.87,50.71,207,28.82,0.719,34.87,27.85,24.69,20.75,14.57,True,Wider Indian Ocean (buffer around India)
5.86,86.41,10,29.49,0.698,34.85,28.33,24.95,20.57,15.2,True,Bay of Bengal
8.36,92.46,112,30.16,0.755,34.83,28.86,26.01,22.32,17.4,True,Bay of Bengal
7.67,94.94,223,28.14,0.724,34.58,26.93,24.24,20.04,13.86,True,Bay of Bengal
8.74,95.88,252,27.65,0.612,34.78,26.4,23.91,19.05,12.76,True,Bay of Bengal
21.65,71.2,214,26.84,0.729,35.28,25.72,23.16,18.55,13.42,True,Wider Indian Ocean (buffer around India)
0.38,96.62,189,29.48,0.759,34.88,28.02,24.79,20.74,15.55,True,Wider Indian Ocean (buffer around India)
6.63,84.45,155,29.09,0.747,35.09,27.75,24.77,21.19,15.55,True,Bay of Bengal
15.64,88.71,50,29.07,0.759,34.84,28.54,25.83,21.76,16.19,True,Bay of Bengal
-4.15,70.79,23,30.37,0.761,35.15,29.18,26.23,22.64,17.02,True,Wider Indian Ocean (buffer around India)
14.14,82.46,128,29.1,0.712,34.95,28.0,24.82,21.44,16.29,True,Bay of Bengal
22.8,64.14,333,26.99,0.678,35.05,26.37,23.65,19.75,14.55,True,Arabian Sea
13.93,89.33,3,28.45,0.696,34.84,27.71,25.04,20.66,15.06,True,Bay of Bengal
8.13,83.38,179,29.47,0.709,34.69,28.24,24.84,20.49,14.62,True,Bay of Bengal
-8.35,78.26,287,28.74,0.668,34.9,26.99,23.91,20.07,14.68,True,Wider Indian Ocean (buffer around India)
11.85,86.18,200,27.44,0.666,35.0,26.48,23.62,18.59,12.98,True,Bay of Bengal
12.94,46.18,161,29.02,0.7,34.8,28.28,25.38,21.53,15.82,True,Wider Indian Ocean (buffer around India)
11.62,87.96,309,27.56,0.748,34.95,26.25,23.62,19.48,14.0,True,Bay of Bengal
13.06,64.38,334,27.79,0.62,35.07,26.92,23.67,18.84,13.15,True,Arabian Sea
19.92,92.58,75,28.85,0.761,34.55,27.93,24.65,20.28,14.61,True,Bay of Bengal
16.07,65.43,321,27.47,0.728,35.25,26.45,23.64,19.9,14.67,True,Arabian Sea
8.87,51.54,164,29.09,0.659,34.62,27.67,24.44,20.79,15.04,True,Wider Indian Ocean (buffer around India)
15.87,68.34,132,29.43,0.778,35.2,28.54,26.17,22.3,16.72,True,Arabian Sea
16.23,81.22,128,29.09,0.674,34.93,28.14,24.87,21.06,15.81,True,Bay of Bengal
15.48,72.89,123,29.29,0.852,35.24,28.52,25.76,21.94,16.22,True,Arabian Sea
23.76,81.82,48,28.46,0.748,34.99,27.68,24.59,20.05,14.94,True,Wider Indian Ocean (buffer around India)
9.95,68.62,193,28.71,0.658,35.18,27.92,25.06,21.7,16.42,True,Arabian Sea
21.11,50.2,349,27.31,0.733,34.81,26.42,23.39,19.84,13.86,True,Wider Indian Ocean (buffer around India)
12.83,85.83,166,28.84,0.712,34.96,28.26,25.56,21.04,15.32,True,Wider Indian Ocean (buffer around India)
10.24,70.04,174,28.9,0.746,35.3,28.05,25.25,21.03,15.32,True,Arabian Sea
12.53,94.69,265,27.51,0.691,34.72,26.58,23.79,19.06,13.48,True,Wider Indian Ocean (buffer around India)
19.5,75.5,52,28.85,0.774,35.02,28.05,24.74,20.61,14.93,True,Wider Indian Ocean (buffer around India)
9.4,62.14,14,29.37,0.734,34.97,28.49,25.26,20.93,15.42,True,Arabian Sea
19.2,82.45,77,28.83,0.76,35.03,27.78,25.82,21.32,15.68,True,Bay of Bengal
9.98,86.08,345,28.15,0.619,35.01,27.32,24.4,20.22,14.65,True,Bay of Bengal
11.73,90.53,126,29.87,0.801,34.82,28.45,25.55,21.49,16.13,True,Bay of Bengal
-2.38,99.03,113,31.01,0.792,34.63,29.25,26.99,22.68,17.32,True,Wider Indian Ocean (buffer around India)
9.74,92.04,72,30.22,0.726,34.83,28.97,26.03,21.7,16.1,True,Bay of Bengal
6.44,99.82,167,29.1,0.706,34.67,27.75,25.09,20.34,14.67,True,Bay of Bengal
19.36,99.58,220,27.43,0.656,34.5,26.49,23.63,19.08,13.84,True,Bay of Bengal
16.47,44.95,145,28.99,0.751,34.65,28.18,25.11,20.59,14.36,True,Wider Indian Ocean (buffer around India)
14.91,71.1,53,28.73,0.756,35.22,27.56,24.9,20.61,14.59,True,Arabian Sea
22.56,75.05,178,28.17,0.726,35.13,27.22,24.1,20.3,14.87,True,Wider Indian Ocean (buffer around India)
16.67,82.29,357,28.43,0.671,34.87,27.4,24.32,20.3,14.35,True,Bay of Bengal
10.46,74.15,46,29.67,0.757,35.05,28.41,25.67,20.89,15.84,True,Arabian Sea
12.49,75.86,83,30.34,0.787,35.09,29.42,27.05,21.86,16.55,True,Arabian Sea
14.5,63.43,315,27.82,0.691,35.13,26.98,24.05,20.06,13.7,True,Arabian Sea
5.46,86.54,178,29.24,0.811,34.99,28.16,25.39,21.27,15.99,True,Bay of Bengal
16.85,76.81,114,29.23,0.75,35.19,27.97,25.11,21.08,15.58,True,Arabian Sea
19.8,52.34,161,28.98,0.824,34.75,28.0,25.89,22.43,16.85,True,Wider Indian Ocean (buffer around India)
8.36,70.79,126,30.37,0.752,35.29,28.97,26.46,22.59,16.58,True,Arabian Sea
4.81,44.82,99,30.61,0.72,34.62,29.71,27.01,22.09,17.26,True,Wider Indian Ocean (buffer around India)
-6.87,46.21,75,31.41,0.845,34.64,29.88,27.15,22.91,17.67,True,Wider Indian Ocean (buffer around India)
11.51,97.13,332,28.3,0.727,34.76,26.81,23.89,19.52,14.8,True,Bay of Bengal
13.73,80.36,193,28.27,0.68,35.22,27.06,23.92,20.13,14.59,True,Bay of Bengal
12.32,94.46,111,29.13,0.738,34.59,27.91,25.12,20.92,15.37,True,Bay of Bengal
5.77,81.57,145,29.72,0.79,34.81,28.47,25.41,21.86,16.25,True,Bay of Bengal
18.21,93.02,326,27.35,0.681,34.73,26.32,23.64,19.84,14.13,True,Bay of Bengal
22.15,62.2,143,28.78,0.802,35.17,28.07,25.18,21.28,15.79,True,Arabian Sea
19.23,64.08,55,29.09,0.676,35.11,28.14,25.24,21.59,16.31,True,Arabian Sea
-7.16,47.69,7,30.28,0.771,34.59,28.93,26.2,22.19,17.25,True,Wider Indian Ocean (buffer around India)
13.98,62.23,207,28.12,0.686,35.09,27.33,25.09,20.5,15.43,True,Arabian Sea
9.65,94.34,277,27.61,0.659,34.74,26.26,23.95,19.89,14.9,True,Bay of Bengal
0.1,81.72,363,29.82,0.723,35.03,28.34,25.44,21.43,16.03,True,Wider Indian Ocean (buffer around India)
1.8,65.71,240,28.4,0.761,35.2,27.1,24.24,20.01,15.18,True,Wider Indian Ocean (buffer around India)
18.09,81.26,176,28.58,0.747,34.96,27.56,24.24,20.23,14.43,True,Bay of Bengal
3.93,79.21,127,30.36,0.774,34.94,28.97,25.79,21.62,16.22,True,Wider Indian Ocean (buffer around India)
-6.69,67.78,90,31.56,0.767,35.16,30.41,27.57,23.37,17.88,True,Wider Indian Ocean (buffer around India)
18.4,95.45,48,29.18,0.691,34.83,28.4,25.4,20.83,15.17,True,Bay of Bengal
-2.4,50.44,314,28.93,0.65,34.94,27.73,25.27,21.37,15.85,True,Wider Indian Ocean (buffer around India)
17.73,79.21,210,27.53,0.751,35.12,26.23,23.88,19.82,13.97,True,Wider Indian Ocean (buffer around India)
16.52,74.48,15,28.15,0.741,35.27,27.24,24.26,20.16,14.58,True,Arabian Sea
15.62,100.0,151,29.04,0.756,34.75,27.83,24.9,20.97,16.1,True,Wider Indian Ocean (buffer around India)
17.06,87.41,131,28.65,0.726,34.84,27.52,24.84,20.15,14.68,True,Bay of Bengal
9.48,95.92,23,29.45,0.758,34.7,28.1,25.12,20.82,15.85,True,Bay of Bengal
13.42,44.31,259,27.29,0.658,34.61,26.6,23.77,19.01,13.63,True,Wider Indian Ocean (buffer around India)
12.31,83.2,169,29.58,0.741,34.96,28.33,25.59,22.2,16.55,True,Bay of Bengal
23.88,62.77,165,28.38,0.718,35.08,27.6,24.73,20.21,14.81,True,Arabian Sea
13.65,83.89,272,27.23,0.678,34.9,26.22,23.36,19.02,13.58,True,Bay of Bengal
5.8,90.65,343,28.85,0.712,34.86,27.33,25.2,20.99,16.16,True,Bay of Bengal
19.56,67.15,90,28.74,0.695,35.25,27.9,25.45,20.27,15.25,True,Arabian Sea
9.7,85.62,194,28.68,0.739,34.86,27.54,24.84,20.23,14.86,True,Wider Indian Ocean (buffer around India)
3.58,90.63,1,29.56,0.815,34.98,28.2,25.08,20.46,15.09,True,Wider Indian Ocean (buffer around India)
15.34,63.44,285,27.54,0.754,35.05,26.66,23.62,19.5,14.43,True,Arabian Sea
19.28,74.5,303,26.54,0.686,35.1,25.86,22.35,18.29,13.28,True,Arabian Sea
14.97,77.22,70,29.2,0.851,35.21,28.55,25.21,20.84,15.52,True,Wider Indian Ocean (buffer around India)
15.82,70.11,144,28.81,0.735,35.29,28.02,25.41,21.35,15.97,True,Arabian Sea
17.27,75.34,276,27.06,0.633,35.08,26.0,23.7,19.77,13.99,True,Arabian Sea
-7.56,74.17,96,31.61,0.903,35.1,30.41,27.35,23.14,17.55,True,Wider Indian Ocean (buffer around India)
10.94,99.75,312,28.12,0.732,34.44,26.89,24.12,20.21,14.46,True,Bay of Bengal
7.66,88.24,235,27.94,0.732,34.96,26.61,23.6,19.46,14.11,True,Bay of Bengal
10.63,60.08,283,27.69,0.664,35.05,26.37,23.32,19.34,13.65,True,Arabian Sea
16.95,97.16,146,28.44,0.689,34.52,27.38,24.6,20.53,15.0,True,Wider Indian Ocean (buffer around India)
11.89,71.12,209,27.74,0.643,35.34,26.9,24.45,20.22,14.43,True,Wider Indian Ocean (buffer around India)
21.24,62.11,106,28.98,0.653,34.86,27.98,24.76,20.96,15.72,True,Arabian Sea
8.83,69.03,357,28.8,0.733,35.13,27.61,24.6,20.39,15.31,True,Arabian Sea
13.48,62.95,89,29.74,0.822,34.96,28.62,26.19,21.92,16.61,True,Wider Indian Ocean (buffer around India)
14.66,66.41,176,28.37,0.682,35.15,27.25,23.86,19.86,14.16,True,Arabian Sea
15.35,97.96,5,28.25,0.725,34.62,27.33,24.29,19.96,14.56,True,Wider Indian Ocean (buffer around India)
8.92,72.55,229,27.6,0.753,35.16,27.02,24.11,19.94,14.14,True,Arabian Sea
-4.66,49.35,266,28.74,0.746,34.83,27.15,24.17,20.47,15.34,True,Wider Indian Ocean (buffer around India)
-2.0,50.33,107,30.41,0.765,35.05,28.96,25.82,21.51,16.04,True,Wider Indian Ocean (buffer around India)
23.48,73.98,191,27.58,0.723,35.02,26.82,23.54,19.08,13.72,True,Arabian Sea
9.93,99.0,321,28.54,0.699,34.5,27.49,24.68,20.18,14.45,True,Bay of Bengal
12.0,73.87,83,29.58,0.758,35.13,28.72,25.97,21.4,15.63,True,Wider Indian Ocean (buffer around India)
19.45,62.16,39,28.76,0.738,35.05,27.61,24.38,20.39,14.69,True,Arabian Sea
19.05,84.99,84,29.04,0.728,34.95,27.94,25.09,20.96,15.36,True,Bay of Bengal
20.87,62.73,50,29.21,0.682,35.08,28.15,25.42,20.8,14.92,True,Arabian Sea
9.35,60.59,337,28.34,0.693,35.15,27.44,24.94,20.53,15.79,True,Arabian Sea
20.94,84.43,73,29.49,0.7,34.86,28.49,25.54,20.97,15.49,True,Bay of Bengal
7.34,82.56,233,28.21,0.674,35.03,26.79,23.88,19.27,13.62,True,Wider Indian Ocean (buffer around India)
2.65,83.57,89,30.62,0.785,34.87,29.87,27.15,22.61,17.04,True,Wider Indian Ocean (buffer around India)
23.34,74.39,36,28.6,0.767,35.18,28.27,24.79,20.91,15.63,True,Arabian Sea
16.33,67.33,214,27.77,0.721,34.96,27.15,24.43,20.85,15.05,True,Arabian Sea
22.9,69.12,49,28.07,0.638,35.06,27.32,24.98,20.7,15.48,True,Arabian Sea
10.67,67.71,117,29.84,0.781,34.98,28.93,26.25,21.76,16.59,True,Arabian Sea
18.92,71.51,285,27.55,0.665,35.2,26.44,23.3,18.83,13.26,True,Arabian Sea
10.38,60.39,315,28.16,0.758,34.94,27.14,24.44,20.93,15.37,True,Arabian Sea
18.76,63.88,38,29.03,0.741,35.02,28.14,25.23,21.8,16.08,True,Arabian Sea
14.51,73.47,40,29.47,0.774,35.12,28.68,25.71,22.22,16.66,True,Wider Indian Ocean (buffer around India)
7.61,66.92,173,29.1,0.728,35.27,27.99,25.03,20.63,15.16,True,Wider Indian Ocean (buffer around India)
10.69,92.17,257,27.61,0.698,34.7,26.34,23.75,19.55,14.14,True,Bay of Bengal
9.1,64.1,188,28.81,0.727,35.23,27.88,25.52,21.56,16.38,True,Wider Indian Ocean (buffer around India)
19.79,60.13,186,28.03,0.725,35.0,27.06,24.3,19.94,14.93,True,Arabian Sea
19.98,74.54,208,27.47,0.682,35.12,26.98,24.08,19.74,14.18,True,Arabian Sea
17.45,46.98,209,27.92,0.752,34.87,26.97,24.52,20.76,14.98,True,Wider Indian Ocean (buffer around India)
-6.21,43.58,333,29.27,0.758,34.65,28.05,25.07,20.28,14.69,True,Wider Indian Ocean (buffer around India)
6.04,94.64,124,30.37,0.782,34.7,29.1,26.16,22.59,17.19,True,Bay of Bengal
20.35,71.1,68,28.87,0.749,35.14,28.36,25.0,20.7,15.14,True,Arabian Sea
23.14,72.07,82,29.12,0.755,34.96,27.97,25.1,21.79,15.81,True,Arabian Sea
7.05,95.04,262,28.39,0.79,34.59,26.87,24.5,20.62,15.14,True,Wider Indian Ocean (buffer around India)
17.03,60.59,271,27.01,0.711,34.94,26.08,23.14,18.93,13.71,True,Wider Indian Ocean (buffer around India)
5.97,42.79,59,29.54,0.82,34.79,28.3,24.9,21.29,15.74,True,Wider Indian Ocean (buffer around India)
19.67,92.5,349,27.48,0.675,34.84,26.45,23.54,19.69,13.87,True,Bay of Bengal
3.2,93.97,238,28.47,0.719,34.71,27.32,24.23,19.69,14.12,True,Wider Indian Ocean (buffer around India)
16.21,91.14,143,29.28,0.696,34.85,28.44,25.42,20.91,15.65,True,Bay of Bengal
13.36,98.84,261,26.57,0.66,34.59,24.9,22.14,18.45,12.7,True,Bay of Bengal
16.49,66.94,171,27.86,0.688,35.08,26.67,24.38,20.39,15.25,True,Arabian Sea
9.24,81.01,46,29.66,0.73,35.01,28.48,24.91,20.96,15.67,True,Bay of Bengal
20.44,62.03,64,28.8,0.763,34.99,27.86,24.78,21.17,15.58,True,Wider Indian Ocean (buffer around India)
11.72,75.33,344,27.89,0.702,35.09,26.92,24.09,19.85,14.33,True,Arabian Sea
11.23,71.0,199,28.23,0.805,35.07,27.02,24.25,20.11,14.72,True,Arabian Sea
-1.67,74.51,236,29.03,0.785,35.02,27.79,24.6,20.22,14.67,True,Wider Indian Ocean (buffer around India)
-9.82,84.13,137,31.26,0.801,34.75,30.02,27.54,23.25,18.16,True,Wider Indian Ocean (buffer around India)
12.26,64.29,267,27.19,0.65,35.29,26.26,23.4,18.7,13.2,True,Arabian Sea
22.84,69.55,337,27.56,0.73,35.31,26.88,23.89,20.01,14.43,True,Arabian Sea
20.2,64.3,242,27.22,0.626,35.08,26.49,24.03,19.4,13.45,True,Arabian Sea
20.21,73.99,88,29.39,0.806,35.03,28.69,25.83,21.69,16.31,True,Arabian Sea
8.19,99.66,337,28.11,0.666,34.67,26.91,24.11,20.39,15.06,True,Wider Indian Ocean (buffer around India)
22.3,75.62,169,28.28,0.686,35.2,27.46,24.57,20.22,14.52,True,Arabian Sea
3.37,71.3,304,28.51,0.747,35.17,26.79,23.71,19.44,13.93,True,Wider Indian Ocean (buffer around India)
10.96,97.56,20,28.75,0.709,34.76,27.19,24.11,20.38,14.81,True,Bay of Bengal
9.92,92.14,195,28.3,0.703,34.64,27.5,24.64,20.72,15.24,True,Bay of Bengal
19.71,88.4,19,28.59,0.734,34.96,27.96,24.99,21.0,15.36,True,Bay of Bengal
7.72,99.38,100,30.26,0.757,34.62,29.42,26.39,22.55,16.99,True,Bay of Bengal
22.3,59.43,85,29.14,0.804,35.1,28.44,25.13,21.4,16.33,True,Wider Indian Ocean (buffer around India)
23.67,64.73,47,29.13,0.75,35.15,28.28,25.51,21.48,15.4,True,Arabian Sea
15.1,84.93,6,28.43,0.708,34.88,27.66,24.65,19.98,14.84,True,Bay of Bengal
10.32,70.37,340,28.62,0.8,35.21,27.69,24.82,21.05,15.74,True,Arabian Sea
19.98,95.47,49,28.6,0.711,34.57,27.35,24.56,20.74,14.88,True,Bay of Bengal
12.28,99.54,14,29.4,0.726,34.67,28.43,26.16,21.86,16.43,True,Bay of Bengal
15.01,66.81,330,27.68,0.712,35.13,26.97,24.18,19.67,14.15,True,Arabian Sea
5.45,92.16,272,28.6,0.727,34.76,27.82,25.1,21.11,15.38,True,Wider Indian Ocean (buffer around India)
19.47,69.55,43,28.7,0.781,35.12,27.55,24.42,20.37,14.66,True,Arabian Sea
13.28,64.18,171,28.11,0.708,35.08,27.09,23.9,20.0,14.69,True,Arabian Sea
12.56,93.16,64,29.58,0.777,34.58,28.51,25.23,21.08,15.71,True,Bay of Bengal
13.22,90.27,182,29.08,0.732,34.76,28.23,25.62,21.26,15.87,True,Bay of Bengal
16.36,75.1,319,27.34,0.744,35.04,26.56,24.1,19.06,13.06,True,Arabian Sea
6.88,49.78,1,29.79,0.736,34.73,28.46,25.85,22.16,16.5,True,Wider Indian Ocean (buffer around India)
3.32,48.77,55,30.21,0.77,34.84,29.39,26.11,21.42,16.13,True,Wider Indian Ocean (buffer around India)
14.09,95.04,209,27.28,0.703,34.69,26.53,23.78,19.67,13.75,True,Bay of Bengal
16.1,76.86,302,27.08,0.664,35.12,26.31,22.81,18.4,12.67,True,Arabian Sea
18.89,80.53,26,28.5,0.749,35.19,27.45,24.74,20.91,15.79,True,Bay of Bengal
15.79,60.03,106,29.52,0.734,34.97,28.64,25.85,22.04,16.62,True,Arabian Sea
2.75,79.4,105,30.67,0.805,35.05,29.75,26.5,22.81,17.45,True,Wider Indian Ocean (buffer around India)
-2.68,46.95,242,28.72,0.703,34.6,27.59,24.87,21.21,15.82,True,Wider Indian Ocean (buffer around India)
7.2,90.63,11,29.6,0.763,34.93,28.38,25.39,21.76,16.71,True,Bay of Bengal
11.38,71.66,99,30.16,0.744,35.09,29.19,26.73,22.1,16.77,True,Wider Indian Ocean (buffer around India)
-3.53,65.88,268,28.77,0.775,35.14,27.24,23.96,20.07,15.09,True,Wider Indian Ocean (buffer around India)
18.74,95.76,168,28.42,0.68,34.5,27.18,24.3,19.57,14.26,True,Bay of Bengal
17.13,85.42,134,29.43,0.763,34.94,28.54,25.42,20.81,15.39,True,Bay of Bengal
9.97,91.78,135,29.62,0.841,34.77,28.55,25.84,22.3,16.65,True,Bay of Bengal
18.56,97.55,358,28.04,0.711,34.7,26.92,24.35,20.42,14.74,True,Bay of Bengal
13.93,69.4,194,28.32,0.706,35.26,27.54,24.69,20.71,15.07,True,Arabian Sea
13.34,86.24,69,30.08,0.744,34.9,29.3,26.21,22.69,17.04,True,Wider Indian Ocean (buffer around India)
-6.66,51.3,226,29.54,0.728,34.97,28.26,25.11,21.6,15.81,True,Wider Indian Ocean (buffer around India)
11.79,75.9,143,29.6,0.676,35.08,28.53,25.78,21.63,16.17,True,Arabian Sea
8.83,76.23,222,27.99,0.735,35.15,26.65,24.22,20.22,14.81,True,Arabian Sea
7.96,95.66,197,28.58,0.718,34.78,27.8,25.24,20.9,15.41,True,Bay of Bengal
-9.87,48.9,175,30.59,0.779,34.8,29.1,26.7,23.22,17.75,True,Wider Indian Ocean (buffer around India)
15.09,88.76,222,27.66,0.744,34.84,26.51,23.45,19.08,13.45,True,Bay of Bengal
17.4,68.77,211,27.55,0.718,35.13,26.51,23.38,19.1,13.28,True,Arabian Sea
7.32,82.56,53,30.45,0.82,34.82,29.64,26.68,22.99,17.3,True,Bay of Bengal
16.57,69.22,138,28.85,0.715,35.21,27.89,25.74,21.77,16.38,True,Arabian Sea
10.55,90.52,60,30.06,0.827,34.79,28.99,25.71,21.51,16.33,True,Bay of Bengal
15.0,93.3,37,29.03,0.769,34.64,28.18,25.77,21.81,16.96,True,Bay of Bengal
7.03,40.01,279,27.43,0.686,34.55,25.92,23.03,19.25,13.84,True,Wider Indian Ocean (buffer around India)
1.38,51.96,25,30.42,0.807,34.7,28.96,26.15,22.26,17.18,True,Wider Indian Ocean (buffer around India)
7.27,91.51,361,29.29,0.834,34.79,28.64,26.23,22.16,16.34,True,Bay of Bengal
20.68,58.96,239,26.91,0.653,35.07,26.09,23.49,18.37,12.71,True,Wider Indian Ocean (buffer around India)
8.37,93.11,193,28.2,0.745,34.72,27.06,24.17,20.15,14.84,True,Bay of Bengal
5.85,68.83,341,28.61,0.687,35.19,27.27,24.36,20.04,14.1,True,Wider Indian Ocean (buffer around India)
19.31,47.53,347,27.8,0.662,34.89,26.85,24.15,19.22,13.71,True,Wider Indian Ocean (buffer around India)
19.63,60.83,12,28.41,0.696,35.09,27.55,24.61,21.6,16.37,True,Arabian Sea
16.14,97.32,94,29.24,0.669,34.63,28.4,25.18,20.78,15.29,True,Bay of Bengal
10.07,88.83,274,27.67,0.7,34.7,26.77,23.78,19.99,14.11,True,Bay of Bengal
13.02,62.35,227,27.2,0.653,35.13,26.0,22.72,18.68,13.3,True,Arabian Sea
12.33,50.57,188,28.34,0.748,34.93,27.32,24.4,20.96,15.4,True,Wider Indian Ocean (buffer around India)
18.14,71.15,127,28.63,0.691,35.34,27.71,24.78,20.53,14.93,True,Arabian Sea
10.87,65.89,61,29.34,0.703,35.28,28.11,25.37,21.24,15.36,True,Arabian Sea
9.42,41.7,339,28.4,0.699,34.69,26.96,24.03,20.15,14.23,True,Wider Indian Ocean (buffer around India)
-4.48,95.42,325,28.89,0.691,34.7,27.75,25.14,20.96,15.21,True,Wider Indian Ocean (buffer around India)
18.65,71.22,188,28.3,0.7,35.26,27.49,24.26,19.68,14.09,True,Arabian Sea
13.79,72.62,293,27.18,0.699,35.21,26.06,22.98,19.02,13.33,True,Arabian Sea
19.0,97.03,359,27.69,0.731,34.69,26.42,23.84,19.19,14.29,True,Bay of Bengal
8.76,92.5,62,29.92,0.799,34.95,29.03,26.41,21.86,16.28,True,Bay of Bengal
12.5,65.62,292,28.37,0.722,34.97,27.37,24.96,19.73,14.0,True,Arabian Sea
22.57,67.64,259,26.19,0.644,35.26,25.37,22.26,17.72,11.93,True,Arabian Sea
5.26,66.69,188,29.26,0.789,35.15,28.11,25.15,21.3,15.85,True,Wider Indian Ocean (buffer around India)
17.78,68.33,342,27.41,0.627,35.27,26.79,23.84,19.07,12.9,True,Arabian Sea
8.97,60.39,51,29.4,0.707,34.99,28.56,25.83,22.16,17.08,True,Wider Indian Ocean (buffer around India)
10.65,97.11,220,28.28,0.742,34.81,26.76,23.87,19.29,14.35,True,Bay of Bengal
20.62,87.35,155,28.31,0.826,34.86,27.19,23.73,19.85,13.89,True,Bay of Bengal
-7.41,65.34,29,31.11,0.843,34.95,29.64,26.9,22.75,17.44,True,Wider Indian Ocean (buffer around India)
21.28,40.27,96,29.3,0.729,34.43,28.26,25.65,21.58,15.77,True,Wider Indian Ocean (buffer around India)
17.78,73.23,142,29.03,0.755,35.15,28.23,25.98,21.49,15.62,True,Arabian Sea
19.38,92.06,245,26.89,0.68,34.9,25.8,23.59,20.74,15.15,True,Bay of Bengal
22.27,73.14,354,27.64,0.663,35.26,26.74,23.7,19.42,13.69,True,Arabian Sea
18.19,70.59,342,27.53,0.674,35.29,26.9,23.98,19.75,14.19,True,Arabian Sea
21.6,63.73,104,28.78,0.76,35.17,27.87,24.57,19.81,14.42,True,Arabian Sea
12.96,60.35,273,27.42,0.65,35.1,26.49,23.58,19.3,13.82,True,Wider Indian Ocean (buffer around India)
15.07,79.36,149,28.28,0.769,35.1,27.37,24.3,20.39,14.67,True,Wider Indian Ocean (buffer around India)
-2.78,92.71,66,31.07,0.823,34.57,29.99,26.79,22.62,17.17,True,Wider Indian Ocean (buffer around India)
-8.65,83.98,29,30.67,0.831,35.03,29.1,25.61,21.23,15.89,True,Wider Indian Ocean (buffer around India)
24.96,73.43,257,26.7,0.652,35.34,25.72,22.58,18.33,12.77,True,Wider Indian Ocean (buffer around India)
12.51,97.21,332,27.99,0.711,34.64,26.86,23.95,19.31,14.15,True,Wider Indian Ocean (buffer around India)
7.66,83.2,306,28.42,0.659,34.9,27.38,24.02,19.45,14.14,True,Bay of Bengal
18.61,87.06,123,29.0,0.708,34.72,28.32,25.74,21.69,16.06,True,Bay of Bengal
5.52,94.78,360,29.17,0.736,34.63,28.04,24.72,20.76,14.77,True,Bay of Bengal
23.01,74.67,350,27.87,0.71,35.19,26.91,24.14,20.02,14.23,True,Arabian Sea
9.86,77.17,196,28.67,0.714,34.88,27.39,24.61,20.43,14.67,True,Wider Indian Ocean (buffer around India)
6.62,56.7,50,30.59,0.765,34.96,29.1,26.21,21.46,15.66,True,Wider Indian Ocean (buffer around India)
8.58,72.74,303,28.33,0.685,35.03,27.33,23.73,19.74,14.08,True,Arabian Sea
16.11,98.33,301,27.54,0.685,34.39,26.24,23.58,19.89,14.22,True,Bay of Bengal
4.77,45.13,108,30.71,0.881,34.65,29.32,26.31,23.08,17.35,True,Wider Indian Ocean (buffer around India)
3.32,86.02,275,28.34,0.705,34.75,27.11,24.03,20.33,15.03,True,Wider Indian Ocean (buffer around India)
16.54,88.68,325,27.45,0.754,34.95,26.82,23.89,19.05,14.09,True,Bay of Bengal
21.5,72.81,342,27.79,0.656,34.93,27.12,24.09,20.7,15.2,True,Arabian Sea
7.65,87.05,104,30.21,0.837,34.97,29.46,26.88,22.62,16.84,True,Bay of Bengal
3.66,88.41,185,29.54,0.794,34.99,28.36,25.81,21.29,15.37,True,Wider Indian Ocean (buffer around India)
10.58,72.78,192,28.76,0.718,35.13,27.8,24.93,20.88,15.38,True,Arabian Sea
21.32,73.61,1,27.77,0.634,35.02,27.33,24.71,21.04,16.02,True,Arabian Sea
16.73,58.83,130,29.13,0.764,34.86,28.33,25.7,21.21,15.73,True,Wider Indian Ocean (buffer around India)
23.16,98.39,181,27.79,0.766,34.54,27.17,24.67,20.5,15.09,True,Wider Indian Ocean (buffer around India)
22.8,60.87,295,26.27,0.621,35.01,25.1,21.98,18.5,13.15,True,Arabian Sea
23.31,88.49,75,28.75,0.693,34.85,27.94,25.48,21.28,16.1,True,Wider Indian Ocean (buffer around India)
19.52,84.42,303,27.37,0.761,34.97,26.67,24.49,20.33,14.87,True,Bay of Bengal
5.95,87.87,71,30.45,0.814,34.78,28.91,25.49,20.7,15.49,True,Bay of Bengal
9.52,68.33,274,28.04,0.74,35.15,26.93,23.73,20.02,14.97,True,Wider Indian Ocean (buffer around India)
21.68,86.97,131,28.46,0.751,34.84,27.27,24.21,19.65,14.13,True,Bay of Bengal
16.88,75.62,161,28.78,0.689,35.09,28.4,25.29,21.93,16.73,True,Arabian Sea
5.16,88.97,112,29.65,0.729,34.85,28.37,25.66,21.54,15.79,True,Bay of Bengal
21.34,65.77,267,26.51,0.691,35.0,25.51,22.54,18.79,13.12,True,Arabian Sea
11.51,78.45,307,27.84,0.648,34.94,26.68,24.44,19.93,14.34,True,Wider Indian Ocean (buffer around India)
12.75,81.21,284,27.46,0.706,35.07,26.52,23.86,19.54,14.38,True,Bay of Bengal
17.44,74.87,152,28.86,0.641,35.08,28.08,25.6,21.27,15.45,True,Arabian Sea
21.51,72.54,19,28.16,0.675,35.3,27.74,24.4,20.63,15.59,True,Arabian Sea
11.4,86.98,226,27.86,0.711,34.86,26.17,23.29,19.22,14.08,True,Bay of Bengal
1.33,42.1,2,29.42,0.806,34.7,28.16,25.38,21.35,15.97,True,Wider Indian Ocean (buffer around India)
10.8,98.2,119,29.72,0.754,34.86,28.94,26.21,21.72,16.3,True,Bay of Bengal
17.46,68.99,54,29.22,0.694,35.15,28.37,25.96,21.78,16.36,True,Wider Indian Ocean (buffer around India)
-4.69,74.86,10,29.68,0.816,35.17,28.27,25.31,21.83,16.8,True,Wider Indian Ocean (buffer around India)
20.51,82.44,140,28.4,0.749,34.94,27.4,25.14,21.45,15.98,True,Bay of Bengal
20.55,69.22,265,26.71,0.694,35.1,25.94,22.81,18.82,13.56,True,Arabian Sea
10.36,70.34,111,29.97,0.731,35.24,28.64,25.95,21.56,15.86,True,Arabian Sea
21.77,72.92,79,28.98,0.752,35.38,28.23,25.05,20.91,15.16,True,Arabian Sea
2.68,61.95,273,28.43,0.734,34.95,27.57,25.03,20.79,15.36,True,Wider Indian Ocean (buffer around India)
-3.1,64.37,302,28.94,0.692,35.14,27.77,25.12,20.98,15.26,True,Wider Indian Ocean (buffer around India)
12.23,65.91,56,29.13,0.77,35.03,28.01,25.07,20.61,15.03,True,Wider Indian Ocean (buffer around India)
7.51,58.07,36,29.71,0.77,35.04,28.76,25.64,20.96,15.53,True,Wider Indian Ocean (buffer around India)
9.95,95.72,43,29.5,0.799,34.9,28.01,24.84,20.49,15.23,True,Bay of Bengal
21.8,83.81,304,26.51,0.684,34.86,25.5,22.25,17.92,12.89,True,Wider Indian Ocean (buffer around India)
13.33,92.37,198,28.46,0.768,34.68,27.47,24.9,21.11,15.73,True,Bay of Bengal
2.0,53.97,12,29.7,0.865,34.82,28.15,25.91,21.91,16.42,True,Wider Indian Ocean (buffer around India)
18.13,69.93,213,27.68,0.745,35.22,26.6,23.51,20.2,14.42,True,Arabian Sea
8.43,81.16,291,28.13,0.719,34.82,26.8,23.62,19.31,13.96,True,Bay of Bengal
12.75,65.18,212,27.7,0.703,35.04,26.79,23.31,19.18,13.6,True,Arabian Sea
-7.61,93.81,307,29.45,0.744,34.73,28.07,24.85,20.59,15.12,True,Wider Indian Ocean (buffer around India)
3.76,59.64,3,29.8,0.698,35.1,28.73,26.29,21.45,15.5,True,Wider Indian Ocean (buffer around India)
5.34,63.43,130,30.07,0.767,35.11,28.93,26.19,21.91,16.4,True,Wider Indian Ocean (buffer around India)
20.93,60.53,232,27.54,0.719,35.2,26.78,24.11,20.33,14.75,True,Arabian Sea
18.3,76.49,340,27.67,0.621,35.02,26.72,23.76,20.38,15.45,True,Arabian Sea
16.24,69.68,341,27.61,0.655,35.29,26.94,23.97,19.24,13.27,True,Arabian Sea
21.0,93.8,358,27.41,0.702,34.75,26.62,23.96,19.87,14.57,True,Bay of Bengal
10.34,72.61,159,29.6,0.775,35.08,28.38,25.3,20.1,14.81,True,Arabian Sea
13.49,76.57,195,27.89,0.742,35.06,27.02,23.73,20.13,14.72,True,Wider Indian Ocean (buffer around India)
-7.37,95.15,293,28.6,0.768,34.6,27.17,24.41,20.35,15.04,True,Wider Indian Ocean (buffer around India)
8.32,97.32,167,28.97,0.677,34.58,27.31,24.26,21.24,15.23,True,Bay of Bengal
9.06,66.44,246,28.03,0.8,35.03,26.93,23.82,19.84,13.76,True,Arabian Sea
9.69,91.95,98,29.89,0.746,34.71,28.8,25.81,21.93,16.1,True,Bay of Bengal
20.52,66.7,194,28.24,0.708,35.19,26.99,23.95,20.32,14.64,True,Arabian Sea
14.94,75.18,190,28.48,0.671,35.04,27.58,24.23,20.25,14.89,True,Arabian Sea
20.08,88.48,309,26.81,0.683,34.86,25.84,22.94,18.61,13.07,True,Bay of Bengal
-7.58,50.31,133,31.49,0.816,34.78,29.97,27.56,23.71,18.09,True,Wider Indian Ocean (buffer around India)
13.6,97.71,116,29.84,0.775,34.6,28.76,25.66,22.27,16.47,True,Bay of Bengal
12.71,90.57,111,29.97,0.839,34.95,29.0,26.32,21.88,16.54,True,Bay of Bengal
17.38,67.42,188,28.31,0.688,35.37,27.69,24.96,20.38,14.89,True,Arabian Sea
9.32,67.08,181,28.6,0.696,35.08,27.41,24.19,20.84,15.28,True,Arabian Sea
5.51,62.61,256,28.38,0.703,35.21,26.97,23.84,18.81,14.05,True,Wider Indian Ocean (buffer around India)
19.29,68.78,246,27.2,0.772,35.09,26.61,24.11,19.98,14.53,True,Arabian Sea
12.58,74.22,337,27.89,0.725,35.12,27.03,24.48,20.12,14.71,True,Arabian Sea
12.92,99.38,214,28.11,0.706,34.76,26.86,23.84,19.69,14.64,True,Bay of Bengal
10.72,83.56,142,29.42,0.782,34.93,28.44,25.63,21.84,16.1,True,Bay of Bengal
20.19,85.47,161,28.47,0.732,34.99,27.67,24.87,20.21,14.81,True,Bay of Bengal
23.99,67.84,70,28.91,0.738,35.07,28.14,25.22,21.15,15.93,True,Arabian Sea
18.44,64.31,226,27.71,0.677,35.04,27.21,24.48,19.76,14.6,True,Arabian Sea
14.55,91.82,215,26.93,0.63,34.76,25.59,22.71,18.29,12.42,True,Bay of Bengal
18.28,68.87,44,29.02,0.804,35.37,27.94,25.18,20.86,15.32,True,Arabian Sea
11.44,94.13,354,28.37,0.692,34.81,27.44,24.22,20.89,15.3,True,Bay of Bengal
12.87,94.1,121,29.59,0.734,34.57,28.42,25.24,20.76,15.66,True,Bay of Bengal
21.27,80.29,263,26.57,0.728,35.06,25.39,22.29,18.61,12.67,True,Bay of Bengal
3.6,96.9,222,28.39,0.737,34.68,27.24,24.65,20.68,15.39,True,Wider Indian Ocean (buffer around India)
6.78,82.97,15,29.2,0.768,34.92,28.29,25.41,21.71,16.09,True,Bay of Bengal
21.3,61.33,35,28.5,0.63,35.05,27.79,24.81,20.53,15.48,True,Arabian Sea
21.62,61.56,160,28.2,0.738,34.93,27.34,24.34,19.4,13.76,True,Arabian Sea
20.3,72.79,359,27.77,0.703,35.23,26.74,24.01,19.88,14.67,True,Arabian Sea
16.06,74.27,226,27.47,0.761,35.18,26.63,23.57,19.27,13.37,True,Arabian Sea
17.92,80.05,271,26.99,0.667,34.94,25.84,22.93,18.18,12.43,True,Bay of Bengal
8.48,87.42,187,29.0,0.736,34.7,27.93,24.42,20.38,15.12,True,Bay of Bengal
18.16,84.84,247,27.38,0.652,34.89,26.44,23.61,20.5,14.97,True,Wider Indian Ocean (buffer around India)
19.16,72.25,202,27.85,0.721,35.01,27.28,24.91,20.56,15.0,True,Arabian Sea
19.25,99.67,262,27.05,0.658,34.75,26.08,23.26,18.93,13.39,True,Bay of Bengal
17.28,89.55,196,28.07,0.735,34.83,26.99,24.03,20.32,14.95,True,Bay of Bengal
23.05,71.65,58,28.5,0.71,35.21,27.81,25.09,21.12,15.69,True,Arabian Sea
15.69,74.38,244,27.37,0.723,35.27,26.81,23.97,20.37,14.67,True,Arabian Sea
23.61,73.29,303,26.71,0.664,35.15,25.98,22.82,18.94,13.55,True,Arabian Sea
18.61,65.01,38,28.72,0.776,35.18,28.01,25.14,20.79,15.0,True,Arabian Sea
9.28,73.62,182,28.57,0.719,35.16,27.51,24.73,20.8,15.33,True,Arabian Sea
18.14,74.86,226,27.33,0.729,35.06,26.43,23.43,19.26,14.03,True,Arabian Sea
18.72,74.71,25,28.29,0.78,35.02,27.41,24.62,20.32,14.51,True,Arabian Sea
21.43,74.15,279,26.86,0.672,35.09,25.97,22.92,18.54,13.23,True,Arabian Sea
11.72,68.84,75,29.9,0.656,35.28,28.98,25.92,21.09,15.89,True,Arabian Sea
4.59,81.86,351,28.8,0.732,34.92,27.6,24.64,20.35,14.99,True,Wider Indian Ocean (buffer around India)
23.34,63.52,120,28.93,0.731,35.13,27.93,25.37,21.13,15.65,True,Arabian Sea
17.36,90.0,349,27.6,0.646,34.92,26.47,23.68,19.52,13.84,True,Bay of Bengal
0.35,61.11,300,28.7,0.758,34.95,27.42,24.13,20.12,14.24,True,Wider Indian Ocean (buffer around India)
13.6,96.1,216,27.84,0.755,34.74,26.69,23.7,19.46,13.92,True,Wider Indian Ocean (buffer around India)
17.55,57.71,349,27.53,0.652,34.8,26.74,23.92,19.84,13.76,True,Wider Indian Ocean (buffer around India)
7.58,92.84,214,28.57,0.711,34.75,27.46,24.61,21.21,15.13,True,Bay of Bengal
19.36,65.55,167,28.06,0.749,35.12,27.12,24.25,20.64,14.86,True,Arabian Sea
12.24,87.72,324,27.76,0.641,34.96,26.95,23.2,18.78,13.23,True,Bay of Bengal
17.02,87.9,96,29.32,0.749,34.96,28.2,25.78,22.53,17.58,True,Bay of Bengal
21.02,47.16,255,27.14,0.709,34.73,25.97,22.96,18.21,13.02,True,Wider Indian Ocean (buffer around India)
12.84,93.62,137,29.49,0.777,34.83,28.16,25.12,21.53,15.69,True,Bay of Bengal
7.9,84.21,112,30.03,0.83,34.91,28.86,25.66,21.04,15.12,True,Wider Indian Ocean (buffer around India)
16.5,62.02,23,28.98,0.736,34.96,28.01,24.5,20.07,14.01,True,Arabian Sea
-1.59,64.11,46,31.09,0.798,34.97,29.7,26.46,22.46,16.37,True,Wider Indian Ocean (buffer around India)
19.58,54.03,54,29.32,0.797,34.84,28.46,25.81,21.25,15.67,True,Wider Indian Ocean (buffer around India)
14.43,90.21,92,29.63,0.77,34.6,28.73,25.53,21.23,15.37,True,Bay of Bengal
10.0,65.82,353,28.13,0.709,35.25,26.91,23.98,20.12,14.44,True,Arabian Sea
2.54,52.0,162,30.12,0.729,34.85,28.88,25.75,22.56,16.61,True,Wider Indian Ocean (buffer around India)
22.98,67.91,191,27.69,0.661,35.17,26.82,24.05,19.14,13.47,True,Arabian Sea
0.84,90.63,355,29.06,0.718,34.93,27.83,25.39,21.81,16.29,True,Wider Indian Ocean (buffer around India)
13.86,76.7,185,28.82,0.72,35.08,27.69,24.51,20.31,14.84,True,Arabian Sea
19.75,71.14,279,27.05,0.722,35.26,26.01,22.93,18.85,13.02,True,Arabian Sea
10.99,88.01,25,29.2,0.738,34.85,28.07,25.39,21.66,15.8,True,Bay of Bengal
23.18,69.4,60,29.25,0.744,35.42,28.17,25.06,20.98,15.77,True,Arabian Sea
10.9,70.23,37,29.92,0.76,35.32,28.93,27.09,22.94,17.5,True,Arabian Sea
6.98,91.56,156,29.28,0.784,34.92,28.02,25.04,20.61,14.94,True,Bay of Bengal
4.46,88.01,323,28.75,0.716,34.78,27.52,23.92,20.57,14.6,True,Wider Indian Ocean (buffer around India)
22.24,78.42,230,26.98,0.667,34.82,26.08,23.13,18.97,13.66,True,Wider Indian Ocean (buffer around India)
17.69,71.22,226,26.81,0.67,35.13,25.67,22.71,18.79,13.53,True,Arabian Sea
22.51,62.61,160,28.29,0.703,34.95,27.41,24.33,20.9,15.84,True,Arabian Sea
8.12,74.84,282,27.91,0.707,35.07,26.81,24.14,20.05,14.39,True,Arabian Sea
-8.72,94.69,22,30.4,0.73,34.75,28.85,26.45,22.06,16.35,True,Wider Indian Ocean (buffer around India)
13.34,69.43,175,28.46,0.723,35.1,27.7,24.63,21.05,15.85,True,Arabian Sea
21.92,98.19,13,27.93,0.685,34.49,27.15,24.23,19.6,14.08,True,Wider Indian Ocean (buffer around India)
8.48,80.54,128,30.28,0.768,35.12,29.54,26.55,22.5,16.76,True,Bay of Bengal
23.75,81.0,289,26.85,0.672,34.83,25.96,23.31,19.33,13.61,True,Wider Indian Ocean (buffer around India)
8.72,53.56,76,29.86,0.808,34.84,28.67,25.92,22.18,16.47,True,Wider Indian Ocean (buffer around India)
-1.37,99.87,257,28.37,0.729,34.35,27.0,23.91,19.22,14.19,True,Wider Indian Ocean (buffer around India)
16.88,63.93,2,28.41,0.813,35.09,27.52,24.09,19.39,13.66,True,Arabian Sea
7.53,83.8,148,29.26,0.778,34.93,27.65,25.31,21.63,16.2,True,Bay of Bengal
21.47,85.29,169,28.19,0.767,34.94,27.04,24.38,20.24,15.03,True,Bay of Bengal
21.78,94.31,86,28.82,0.734,34.71,28.17,25.13,21.52,15.67,True,Wider Indian Ocean (buffer around India)
16.72,80.88,337,27.78,0.752,35.12,26.94,23.87,19.73,14.1,True,Bay of Bengal
16.95,73.73,110,29.78,0.852,35.03,28.96,26.27,22.07,16.72,True,Arabian Sea
18.98,63.6,196,28.05,0.678,35.06,27.29,23.9,19.1,13.29,True,Arabian Sea
13.45,63.54,174,28.83,0.711,34.96,27.78,24.64,20.09,14.76,True,Arabian Sea
20.45,76.62,128,29.2,0.787,34.92,28.19,25.07,20.99,15.7,True,Arabian Sea
17.3,60.28,339,27.26,0.644,34.94,26.26,23.39,19.12,13.95,True,Arabian Sea
7.74,51.47,266,27.6,0.741,34.79,26.31,23.63,19.48,13.92,True,Wider Indian Ocean (buffer around India)
15.58,68.64,294,27.17,0.728,35.09,25.9,23.47,19.32,13.32,True,Arabian Sea
16.4,67.84,281,27.23,0.736,35.03,25.94,23.1,18.86,13.3,True,Arabian Sea
18.31,82.17,209,27.67,0.678,35.02,26.77,23.68,19.91,14.53,True,Bay of Bengal
8.16,87.59,33,30.08,0.711,34.92,29.3,26.67,22.84,17.46,True,Bay of Bengal
16.68,88.37,61,29.31,0.729,34.88,28.36,25.29,20.87,15.21,True,Bay of Bengal
9.44,65.84,132,29.73,0.734,35.23,28.59,25.71,21.62,16.15,True,Arabian Sea
6.01,90.88,151,29.68,0.757,34.82,28.6,26.1,22.51,17.41,True,Wider Indian Ocean (buffer around India)
8.85,76.65,311,27.91,0.718,35.18,27.06,24.31,21.11,15.7,True,Arabian Sea
13.64,87.29,240,27.46,0.71,34.8,26.4,23.08,18.83,13.25,True,Bay of Bengal
-2.63,91.19,203,29.08,0.741,35.02,27.63,24.53,20.46,14.8,True,Wider Indian Ocean (buffer around India)
13.87,93.92,220,27.56,0.733,34.8,26.32,23.83,19.14,14.29,True,Bay of Bengal
-8.15,51.73,246,29.54,0.745,34.82,28.15,25.07,21.6,16.45,True,Wider Indian Ocean (buffer around India)
9.22,87.9,216,28.38,0.675,34.7,27.51,24.54,20.62,15.31,True,Bay of Bengal
2.09,70.95,197,29.29,0.718,35.28,27.97,25.84,21.38,16.09,True,Wider Indian Ocean (buffer around India)
12.72,93.5,74,29.82,0.8,34.8,29.05,26.64,23.0,17.63,True,Wider Indian Ocean (buffer around India)
9.44,86.23,296,27.48,0.728,34.81,26.48,23.49,18.66,12.94,True,Bay of Bengal
17.54,83.28,54,29.32,0.746,34.96,28.51,25.46,21.17,15.67,True,Wider Indian Ocean (buffer around India)
8.84,99.48,318,28.11,0.673,34.56,26.92,24.61,20.14,14.68,True,Bay of Bengal
20.8,73.16,316,27.23,0.649,35.17,26.6,24.06,20.01,14.66,True,Arabian Sea
17.46,66.41,69,28.92,0.736,35.23,28.06,25.17,20.18,15.18,True,Arabian Sea
15.22,95.94,360,28.71,0.751,34.74,27.86,25.23,21.34,15.09,True,Bay of Bengal
-3.14,85.06,122,31.04,0.827,34.62,29.54,27.01,23.32,18.22,True,Wider Indian Ocean (buffer around India)
9.87,62.24,134,30.11,0.835,35.08,28.85,26.91,23.4,17.84,True,Arabian Sea
21.97,90.56,339,27.45,0.675,34.71,26.92,24.0,19.78,14.27,True,Wider Indian Ocean (buffer around India)
11.97,93.82,93,30.13,0.797,34.72,29.08,25.99,22.23,16.67,True,Bay of Bengal
21.74,75.36,273,26.44,0.674,35.06,25.67,22.47,18.81,13.02,True,Arabian Sea
20.18,74.74,136,28.5,0.764,35.07,27.07,24.32,20.21,14.08,True,Arabian Sea
12.82,91.11,323,27.03,0.691,34.63,26.16,23.88,19.85,14.08,True,Bay of Bengal
14.67,74.9,9,28.67,0.721,35.1,27.84,25.17,20.01,14.6,True,Arabian Sea
-3.34,71.18,231,28.55,0.647,35.17,27.28,24.65,20.76,15.61,True,Wider Indian Ocean (buffer around India)
10.81,82.59,363,29.06,0.756,34.92,27.9,25.25,21.45,15.91,True,Bay of Bengal
15.98,94.3,329,27.73,0.657,34.69,26.84,24.18,19.61,14.42,True,Bay of Bengal
18.53,76.19,75,29.05,0.745,35.06,28.13,25.05,21.25,15.96,True,Arabian Sea
24.32,64.33,345,26.77,0.645,35.11,26.1,23.74,19.3,13.42,True,Wider Indian Ocean (buffer around India)
19.82,75.25,245,26.51,0.543,34.87,25.75,22.73,19.16,13.11,True,Arabian Sea
18.66,47.49,293,26.91,0.656,34.73,25.71,23.16,19.87,14.61,True,Wider Indian Ocean (buffer around India)
8.7,61.44,141,29.32,0.731,35.0,28.43,25.44,20.92,15.2,True,Arabian Sea
-2.73,55.36,219,29.16,0.795,34.86,27.72,25.01,21.4,16.03,True,Wider Indian Ocean (buffer around India)
13.84,69.39,67,29.54,0.796,35.05,28.3,25.28,21.35,15.9,True,Arabian Sea
8.61,87.22,324,28.29,0.71,34.84,27.02,23.81,19.54,14.39,True,Wider Indian Ocean (buffer around India)
15.88,80.17,66,29.59,0.732,34.74,28.32,25.49,21.51,16.14,True,Bay of Bengal
6.64,87.77,186,29.11,0.752,35.02,28.17,25.25,21.27,16.09,True,Bay of Bengal
16.58,60.77,81,29.31,0.735,35.05,28.11,25.4,21.42,16.5,True,Arabian Sea
15.11,89.39,116,29.54,0.806,34.7,28.83,25.77,22.16,16.89,True,Bay of Bengal
19.33,80.41,32,28.63,0.748,35.07,28.05,24.78,20.19,14.76,True,Bay of Bengal
11.02,80.2,68,29.28,0.742,34.9,28.17,25.33,20.86,15.33,True,Wider Indian Ocean (buffer around India)
-7.23,87.8,204,29.54,0.746,34.84,28.27,24.82,20.31,15.01,True,Wider Indian Ocean (buffer around India)
19.37,90.56,210,27.82,0.722,34.73,27.24,24.19,19.91,14.61,True,Bay of Bengal
20.58,61.94,260,26.42,0.661,35.01,25.54,23.21,18.99,13.75,True,Arabian Sea
21.07,72.47,22,28.22,0.705,35.31,27.45,24.94,21.19,15.91,True,Arabian Sea
12.74,80.35,86,30.25,0.744,34.99,29.1,25.61,21.85,16.25,True,Bay of Bengal
11.11,67.0,205,28.05,0.743,35.15,27.2,24.34,19.99,14.88,True,Arabian Sea
9.52,76.01,210,28.23,0.699,34.96,27.06,24.29,20.33,14.96,True,Arabian Sea
15.72,64.38,219,27.87,0.704,34.98,26.87,24.18,20.58,14.25,True,Arabian Sea
12.61,68.75,236,27.66,0.658,34.89,26.78,23.63,19.13,13.52,True,Arabian Sea
10.21,68.07,54,29.99,0.749,35.28,28.92,25.83,21.73,16.31,True,Wider Indian Ocean (buffer around India)
15.19,73.46,168,28.37,0.834,34.95,27.4,24.19,18.86,12.79,True,Arabian Sea
9.52,65.77,356,28.98,0.718,35.19,27.88,24.92,20.8,15.45,True,Arabian Sea
20.49,65.92,174,28.24,0.707,35.13,27.54,24.61,20.9,15.57,True,Arabian Sea
8.29,67.13,56,29.44,0.733,35.06,28.28,25.55,21.88,16.56,True,Arabian Sea
20.87,69.94,219,27.4,0.728,35.01,26.65,24.21,20.17,14.85,True,Arabian Sea
17.35,68.72,162,29.02,0.826,35.32,28.14,25.32,21.08,15.38,True,Arabian Sea
9.25,99.5,77,29.61,0.751,34.66,28.45,25.52,21.75,16.6,True,Bay of Bengal
10.3,97.22,344,28.53,0.751,34.44,27.34,24.33,19.71,14.07,True,Bay of Bengal
6.84,85.08,281,27.91,0.701,34.87,26.86,23.64,19.44,14.46,True,Bay of Bengal
21.65,76.96,152,28.8,0.719,35.23,27.58,24.83,21.44,15.95,True,Arabian Sea
5.01,88.99,165,29.47,0.759,34.99,28.41,25.46,22.04,16.64,True,Bay of Bengal
19.57,80.2,311,27.86,0.64,35.07,26.81,24.02,20.13,14.85,True,Bay of Bengal
5.92,73.15,323,28.26,0.726,35.08,27.06,24.3,19.94,14.63,True,Wider Indian Ocean (buffer around India)
18.59,68.45,65,28.73,0.766,35.15,27.92,25.17,21.19,15.83,True,Arabian Sea
7.66,87.24,170,29.04,0.763,34.92,27.63,24.91,20.99,15.58,True,Bay of Bengal
23.68,56.57,232,27.23,0.656,34.79,26.45,23.74,19.9,14.67,True,Wider Indian Ocean (buffer around India)
20.88,74.59,327,27.39,0.671,35.09,26.63,24.53,21.07,15.32,True,Arabian Sea
1.99,67.33,163,30.03,0.769,35.17,29.3,26.26,22.56,16.64,True,Wider Indian Ocean (buffer around India)
17.61,63.0,198,27.84,0.719,35.12,27.18,24.11,20.77,14.96,True,Arabian Sea
23.46,66.73,334,26.74,0.72,35.13,25.87,22.78,18.79,13.39,True,Arabian Sea
10.66,98.22,13,29.15,0.764,34.58,27.78,24.9,20.1,14.2,True,Bay of Bengal
12.81,61.05,185,28.03,0.718,35.05,27.0,24.31,20.47,14.93,True,Wider Indian Ocean (buffer around India)
21.6,65.18,33,28.09,0.753,35.04,26.81,23.61,19.34,13.4,True,Wider Indian Ocean (buffer around India)
8.57,80.52,134,29.73,0.72,35.04,28.47,25.95,22.03,16.41,True,Bay of Bengal
18.25,72.37,159,28.94,0.767,35.03,28.17,25.01,20.64,15.26,True,Arabian Sea
-1.39,72.74,240,28.89,0.701,35.26,27.77,24.64,20.96,15.79,True,Wider Indian Ocean (buffer around India)
0.12,49.17,97,30.84,0.801,34.86,29.63,27.5,23.57,17.78,True,Wider Indian Ocean (buffer around India)
12.04,83.22,316,27.29,0.711,34.75,26.43,23.71,19.29,13.91,True,Bay of Bengal
19.2,76.59,13,28.01,0.738,35.12,27.39,24.39,20.74,14.82,True,Arabian Sea
5.45,52.16,300,27.66,0.777,34.82,26.69,24.16,20.37,14.98,True,Wider Indian Ocean (buffer around India)
11.23,85.15,261,27.03,0.624,34.75,25.7,22.82,18.55,13.07,True,Bay of Bengal
-0.59,82.13,351,29.13,0.758,35.05,27.56,24.65,20.51,15.15,True,Wider Indian Ocean (buffer around India)
1.86,71.69,309,28.56,0.728,35.21,27.07,24.13,20.34,14.83,True,Wider Indian Ocean (buffer around India)
17.9,96.77,235,27.6,0.601,34.72,26.7,23.75,19.84,13.87,True,Bay of Bengal
18.69,64.67,125,28.77,0.755,35.11,27.54,24.76,20.24,14.79,True,Arabian Sea
16.96,99.02,65,29.65,0.724,34.75,28.85,26.01,22.3,16.87,True,Bay of Bengal
-4.89,72.16,264,29.41,0.803,35.32,28.08,25.21,20.07,14.78,True,Wider Indian Ocean (buffer around India)
15.14,64.0,340,27.75,0.669,34.92,26.94,24.09,19.71,14.23,True,Arabian Sea
17.49,85.33,296,27.31,0.775,34.93,26.64,23.78,19.48,13.22,True,Bay of Bengal
18.79,92.34,241,27.19,0.684,34.69,26.16,23.29,19.46,14.13,True,Bay of Bengal
-5.92,97.19,42,31.01,0.816,34.65,29.53,26.9,23.21,17.84,True,Wider Indian Ocean (buffer around India)
10.45,60.51,112,29.86,0.807,34.93,29.08,26.35,22.3,17.04,True,Arabian Sea
8.7,66.96,43,29.64,0.818,35.3,28.57,25.61,21.41,15.96,True,Arabian Sea
13.8,96.98,352,27.98,0.684,34.73,27.28,24.82,20.84,15.98,True,Bay of Bengal
9.46,94.39,253,27.53,0.663,34.66,26.18,23.27,19.5,14.38,True,Bay of Bengal
17.59,69.01,157,28.66,0.637,34.98,27.68,24.75,20.1,14.23,True,Arabian Sea
-5.03,90.87,214,29.04,0.716,34.87,27.34,24.26,20.05,15.08,True,Wider Indian Ocean (buffer around India)
21.23,75.04,139,28.9,0.792,35.14,27.67,24.38,19.99,14.8,True,Arabian Sea
4.15,42.43,58,29.97,0.82,34.55,28.76,26.05,21.86,16.62,True,Wider Indian Ocean (buffer around India)
-1.72,48.18,13,29.62,0.78,34.64,28.13,25.05,21.13,15.15,True,Wider Indian Ocean (buffer around India)
0.17,92.8,241,28.79,0.706,34.82,27.5,24.54,20.41,14.62,True,Wider Indian Ocean (buffer around India)
-1.06,85.3,313,28.5,0.655,34.91,27.07,24.14,20.45,14.99,True,Wider Indian Ocean (buffer around India)
13.99,92.56,146,29.09,0.736,34.76,27.92,24.96,20.88,15.31,True,Bay of Bengal
16.3,67.73,107,28.77,0.677,35.21,27.83,24.98,21.23,15.97,True,Arabian Sea
-4.93,44.21,65,30.82,0.828,34.64,29.34,26.55,22.07,16.36,True,Wider Indian Ocean (buffer around India)
1.64,43.14,149,29.51,0.653,34.75,28.66,25.95,22.46,16.54,True,Wider Indian Ocean (buffer around India)
15.29,76.91,73,29.57,0.723,35.16,28.54,25.21,21.07,15.79,True,Arabian Sea
21.41,98.95,310,26.87,0.651,34.66,25.96,23.26,19.11,13.97,True,Bay of Bengal
9.18,64.86,353,27.95,0.619,35.14,26.86,24.03,19.06,13.21,True,Wider Indian Ocean (buffer around India)
7.75,86.34,225,28.22,0.7,34.76,27.5,24.49,21.04,15.63,True,Bay of Bengal
19.2,60.83,4,28.58,0.699,35.1,27.88,24.57,19.95,14.76,True,Arabian Sea
18.87,90.36,34,28.92,0.736,34.85,28.2,25.41,21.21,15.37,True,Bay of Bengal
15.9,60.7,119,28.95,0.739,35.02,28.07,25.01,21.1,15.67,True,Arabian Sea
8.22,62.14,277,28.14,0.733,34.93,27.12,24.31,21.22,15.42,True,Arabian Sea
0.74,79.33,207,29.51,0.769,35.13,28.48,25.07,21.45,16.28,True,Wider Indian Ocean (buffer around India)
20.59,71.42,35,28.94,0.775,35.16,28.04,25.01,21.42,15.92,True,Arabian Sea
17.05,85.05,87,29.94,0.724,34.93,28.86,26.1,22.26,16.48,True,Wider Indian Ocean (buffer around India)
15.17,65.47,40,29.53,0.72,35.08,28.02,25.55,20.81,14.93,True,Arabian Sea
8.49,65.04,10,28.53,0.743,35.28,27.28,23.98,19.6,14.18,True,Arabian Sea
20.78,86.44,11,28.05,0.671,34.92,26.88,24.27,20.04,14.45,True,Bay of Bengal
20.46,86.84,112,29.03,0.735,34.95,28.24,25.29,21.2,15.66,True,Wider Indian Ocean (buffer around India)
21.4,66.63,347,27.54,0.714,35.07,26.77,23.86,19.32,13.45,True,Arabian Sea
-8.43,87.0,317,28.97,0.72,34.8,27.44,25.06,20.96,15.74,True,Wider Indian Ocean (buffer around India)
12.61,72.5,169,29.21,0.745,35.29,28.07,25.84,21.97,16.39,True,Arabian Sea
7.84,92.02,79,29.99,0.768,34.8,29.02,26.29,22.12,16.22,True,Bay of Bengal
13.05,70.26,241,27.78,0.741,35.27,26.68,23.38,19.27,14.02,True,Arabian Sea
15.72,65.14,183,28.44,0.724,35.08,27.43,24.49,20.52,14.67,True,Arabian Sea
6.11,86.86,124,30.08,0.835,34.87,28.95,25.95,20.92,15.76,True,Bay of Bengal
20.44,96.07,13,28.27,0.699,34.49,27.22,24.62,20.19,14.32,True,Bay of Bengal
17.3,61.9,338,27.67,0.66,34.96,26.57,23.65,19.65,14.25,True,Arabian Sea
18.63,61.14,238,27.09,0.679,34.94,26.11,23.31,19.63,14.08,True,Arabian Sea
22.31,41.09,359,27.61,0.744,34.54,26.74,23.98,19.89,13.79,True,Wider Indian Ocean (buffer around India)
16.9,73.39,342,27.63,0.755,35.25,26.53,23.52,19.3,14.2,True,Arabian Sea
22.3,56.06,326,27.07,0.66,35.06,26.27,23.36,18.79,12.79,True,Wider Indian Ocean (buffer around India)
5.62,87.61,60,30.05,0.723,34.85,28.96,26.42,22.07,16.38,True,Bay of Bengal
13.93,60.16,158,29.36,0.76,34.99,28.43,25.26,21.32,15.93,True,Arabian Sea
13.99,62.54,342,28.37,0.773,34.93,27.47,25.03,20.61,15.51,True,Arabian Sea
23.68,63.36,315,26.85,0.736,35.14,26.0,23.21,19.43,13.77,True,Arabian Sea
16.37,92.72,328,27.73,0.694,34.68,26.68,23.3,18.58,13.36,True,Bay of Bengal
5.65,87.54,321,27.8,0.68,34.85,26.87,24.22,19.73,14.25,True,Bay of Bengal
21.85,84.2,256,26.54,0.683,34.87,25.5,22.45,18.62,12.66,True,Bay of Bengal
9.4,70.04,325,28.36,0.688,35.23,27.16,24.61,20.7,15.34,True,Arabian Sea
-9.21,89.04,89,31.14,0.83,35.04,29.51,26.22,21.86,16.69,True,Wider Indian Ocean (buffer around India)
9.55,88.97,296,28.27,0.725,34.89,27.57,24.57,20.41,14.94,True,Bay of Bengal
12.43,84.83,9,28.83,0.714,34.78,28.21,25.0,20.75,15.41,True,Bay of Bengal
12.25,62.64,275,27.21,0.738,35.0,26.22,23.51,19.54,14.52,True,Arabian Sea
8.64,67.13,142,29.64,0.803,35.33,28.79,25.91,21.47,16.2,True,Arabian Sea
8.93,70.12,39,30.27,0.746,35.2,29.18,26.43,22.33,16.67,True,Arabian Sea
8.13,84.27,70,29.9,0.789,34.97,28.67,25.74,21.43,15.53,True,Wider Indian Ocean (buffer around India)
19.26,98.75,208,27.54,0.651,34.55,26.6,24.21,20.5,14.57,True,Bay of Bengal
17.97,96.78,138,29.07,0.687,34.73,28.29,25.33,20.98,15.11,True,Bay of Bengal
-5.1,62.52,309,29.11,0.818,34.98,27.38,24.91,20.7,15.33,True,Wider Indian Ocean (buffer around India)
8.06,96.1,147,29.65,0.757,34.67,28.28,25.25,21.34,15.84,True,Wider Indian Ocean (buffer around India)
24.97,72.52,87,29.02,0.681,35.22,28.57,25.85,21.57,15.79,True,Wider Indian Ocean (buffer around India)
10.25,84.59,146,29.39,0.786,34.92,28.26,25.34,20.9,15.86,True,Bay of Bengal
17.23,89.06,99,29.23,0.65,34.77,28.21,25.01,21.42,16.16,True,Bay of Bengal
9.9,65.82,2,28.77,0.764,35.21,27.97,24.9,20.5,15.39,True,Arabian Sea
20.87,69.64,10,28.3,0.756,35.07,27.43,24.02,20.07,15.0,True,Arabian Sea
10.46,73.57,353,28.4,0.781,35.16,27.06,24.08,19.56,13.81,True,Arabian Sea
8.76,91.35,280,27.62,0.676,34.81,26.71,24.08,20.21,15.07,True,Bay of Bengal
19.51,61.73,193,28.17,0.735,34.99,27.23,24.28,19.21,14.13,True,Arabian Sea
20.14,70.24,75,28.77,0.745,35.15,27.64,25.22,20.9,15.3,True,Wider Indian Ocean (buffer around India)
15.83,88.03,46,29.53,0.75,34.82,28.48,25.75,21.48,16.0,True,Bay of Bengal
14.81,76.35,121,29.45,0.764,35.13,28.26,25.39,21.51,16.22,True,Arabian Sea
-0.66,82.89,186,29.5,0.754,35.05,28.2,24.93,21.48,15.66,True,Wider Indian Ocean (buffer around India)
12.82,75.45,153,28.78,0.743,35.2,27.69,24.83,21.44,16.14,True,Arabian Sea
13.93,66.34,115,29.31,0.782,35.09,28.41,25.21,20.72,15.22,True,Arabian Sea
-5.86,80.11,196,29.78,0.794,34.94,28.59,25.03,20.93,15.5,True,Wider Indian Ocean (buffer around India)
17.94,89.28,95,29.65,0.807,34.8,28.77,25.27,21.49,16.62,True,Wider Indian Ocean (buffer around India)
8.87,74.63,103,29.96,0.805,34.98,28.83,26.03,21.73,16.28,True,Arabian Sea
9.63,95.04,28,29.78,0.716,34.78,29.04,26.18,21.76,16.19,True,Bay of Bengal
3.19,81.34,146,30.37,0.739,35.01,29.28,26.34,21.92,16.54,True,Wider Indian Ocean (buffer around India)
-4.11,44.07,135,30.5,0.798,34.61,28.96,26.33,22.22,16.54,True,Wider Indian Ocean (buffer around India)
20.38,68.12,3,28.36,0.663,35.06,27.51,24.31,20.37,14.55,True,Arabian Sea
13.59,83.35,27,28.89,0.74,34.92,28.16,25.17,21.11,15.53,True,Wider Indian Ocean (buffer around India)
21.02,60.3,66,29.12,0.852,34.92,28.6,25.42,20.58,14.93,True,Arabian Sea
15.81,59.52,197,27.76,0.707,35.17,26.93,24.12,20.91,15.55,True,Wider Indian Ocean (buffer around India)
7.63,91.37,183,29.4,0.704,34.73,28.45,25.57,21.68,15.81,True,Bay of Bengal
-3.0,53.27,364,29.67,0.724,34.88,28.23,25.73,21.21,15.68,True,Wider Indian Ocean (buffer around India)
18.46,86.79,93,28.93,0.781,34.89,27.69,24.73,20.41,14.83,True,Bay of Bengal
9.87,90.03,144,29.9,0.792,34.62,28.51,25.97,21.71,16.63,True,Bay of Bengal
15.95,80.28,3,28.84,0.756,34.85,27.97,25.03,21.05,15.33,True,Bay of Bengal
11.1,91.3,19,29.29,0.779,34.72,28.04,25.13,20.84,15.51,True,Bay of Bengal
22.66,94.9,128,29.0,0.777,34.74,27.93,24.7,20.77,15.54,True,Wider Indian Ocean (buffer around India)
14.24,48.63,85,28.79,0.786,34.83,27.96,25.24,20.59,15.67,True,Wider Indian Ocean (buffer around India)
23.95,70.75,63,28.87,0.708,35.16,28.04,24.98,20.53,14.74,True,Arabian Sea
12.1,85.48,322,28.01,0.78,35.04,26.45,23.8,20.0,14.87,True,Wider Indian Ocean (buffer around India)
8.5,83.46,265,27.54,0.715,34.87,26.19,23.06,18.72,12.73,True,Bay of Bengal
20.46,64.82,19,28.11,0.737,35.04,27.33,24.39,20.49,14.72,True,Arabian Sea
5.71,97.77,7,29.56,0.772,34.48,28.26,25.67,22.23,16.62,True,Bay of Bengal
21.55,84.98,341,27.68,0.725,34.96,26.49,23.86,19.75,14.65,True,Bay of Bengal
19.93,88.56,340,26.99,0.622,34.75,26.23,23.68,19.3,14.1,True,Bay of Bengal
17.04,63.19,174,28.38,0.689,34.89,27.48,24.3,20.15,14.55,True,Arabian Sea
13.54,86.23,211,28.17,0.734,34.92,27.14,24.62,20.22,14.02,True,Bay of Bengal
1.25,54.96,195,29.33,0.796,34.95,27.91,24.7,20.83,15.52,True,Wider Indian Ocean (buffer around India)
23.29,71.28,338,27.61,0.709,35.29,27.06,24.09,19.74,14.51,True,Arabian Sea
12.27,68.32,146,29.77,0.751,35.18,28.49,25.52,21.49,15.92,True,Arabian Sea
14.53,99.14,38,28.86,0.739,34.59,27.55,24.21,20.67,15.4,True,Bay of Bengal
13.03,75.59,258,27.57,0.701,35.12,26.52,24.09,19.67,14.47,True,Arabian Sea
3.57,52.13,363,29.18,0.769,34.91,27.92,25.4,21.25,15.79,True,Wider Indian Ocean (buffer around India)
11.89,83.72,224,27.71,0.744,34.71,26.66,23.86,19.59,14.24,True,Wider Indian Ocean (buffer around India)
23.75,81.43,208,26.53,0.663,34.9,25.81,23.32,18.86,13.24,True,Wider Indian Ocean (buffer around India)
-4.63,66.36,301,29.24,0.786,35.05,27.65,24.78,21.27,15.41,True,Wider Indian Ocean (buffer around India)
12.68,91.93,98,30.14,0.785,34.76,29.48,26.8,22.7,17.45,True,Bay of Bengal
15.21,67.48,10,28.1,0.705,35.08,26.96,24.28,19.85,14.71,True,Arabian Sea
17.86,64.19,132,29.26,0.735,35.0,28.28,24.7,20.56,15.19,True,Arabian Sea
19.98,80.81,121,29.25,0.74,35.0,28.22,25.41,20.81,15.05,True,Bay of Bengal
19.94,67.99,207,27.59,0.712,35.35,26.65,23.61,20.17,14.99,True,Arabian Sea
19.55,89.15,99,29.73,0.811,34.9,28.65,25.34,20.81,15.12,True,Bay of Bengal
21.61,73.51,305,27.08,0.715,35.27,26.24,23.82,19.73,14.28,True,Arabian Sea
21.43,89.88,30,28.42,0.759,34.68,27.4,24.49,20.43,14.77,True,Bay of Bengal
11.19,87.58,46,29.26,0.665,34.66,28.36,25.69,21.08,15.65,True,Bay of Bengal
2.22,49.15,44,29.9,0.733,35.05,28.93,25.88,21.15,15.87,True,Wider Indian Ocean (buffer around India)
22.83,70.26,13,27.87,0.695,35.12,27.05,24.11,19.9,14.91,True,Wider Indian Ocean (buffer around India)
17.16,76.2,71,29.07,0.733,35.11,28.14,25.06,20.82,15.53,True,Arabian Sea
19.97,90.97,131,28.81,0.736,34.99,27.64,24.5,20.17,14.63,True,Bay of Bengal
6.65,81.63,132,30.08,0.829,34.93,28.74,25.21,21.77,16.32,True,Bay of Bengal
22.18,65.71,293,26.54,0.668,35.17,25.85,23.12,19.27,14.52,True,Arabian Sea
9.08,82.46,263,28.15,0.705,34.84,27.03,24.08,20.3,14.45,True,Bay of Bengal
-5.09,85.65,146,31.1,0.84,34.81,29.93,27.64,23.34,18.31,True,Wider Indian Ocean (buffer around India)
19.79,94.31,158,28.61,0.726,34.64,27.6,24.8,20.73,15.23,True,Bay of Bengal
19.92,90.26,100,28.94,0.763,34.9,27.8,25.4,21.01,15.83,True,Bay of Bengal
21.38,71.43,62,29.64,0.801,35.13,28.78,25.5,21.04,15.45,True,Arabian Sea
5.47,96.96,352,28.47,0.75,34.75,27.22,24.53,20.43,14.66,True,Bay of Bengal
23.98,85.92,317,27.05,0.717,34.78,26.33,23.37,18.97,13.6,True,Wider Indian Ocean (buffer around India)
18.78,43.98,79,29.15,0.842,34.63,28.02,24.94,20.84,15.14,True,Wider Indian Ocean (buffer around India)
12.69,92.4,241,27.69,0.716,34.57,26.99,24.08,19.6,13.82,True,Bay of Bengal
13.83,62.02,75,29.35,0.71,34.92,28.22,25.07,20.54,14.71,True,Arabian Sea
16.44,91.12,1,28.16,0.706,34.8,27.08,24.55,20.8,15.18,True,Bay of Bengal
6.58,71.88,148,29.46,0.736,35.36,28.06,24.95,20.4,15.06,True,Wider Indian Ocean (buffer around India)
20.79,68.8,232,27.35,0.665,35.28,26.35,23.66,19.5,14.29,True,Arabian Sea
20.16,86.34,95,29.36,0.792,34.74,28.48,25.41,21.36,15.66,True,Bay of Bengal
13.51,96.41,67,29.49,0.798,34.6,28.33,25.61,20.96,15.22,True,Bay of Bengal
10.26,94.09,138,29.68,0.745,34.69,28.7,26.5,22.63,16.74,True,Bay of Bengal
18.91,85.15,298,27.26,0.702,34.98,26.15,22.47,18.24,12.25,True,Bay of Bengal
12.82,89.52,141,29.35,0.734,34.87,28.33,25.23,20.97,15.33,True,Bay of Bengal
5.03,43.11,283,27.81,0.786,34.64,26.45,23.33,19.04,13.7,True,Wider Indian Ocean (buffer around India)
-8.18,50.84,89,31.24,0.87,34.86,29.91,26.33,22.19,17.07,True,Wider Indian Ocean (buffer around India)
-3.67,73.67,310,29.28,0.812,35.11,27.96,25.43,20.34,14.76,True,Wider Indian Ocean (buffer around India)
1.46,54.62,202,29.33,0.762,35.01,27.9,24.53,20.09,14.67,True,Wider Indian Ocean (buffer around India)
21.35,57.44,225,27.15,0.688,35.09,26.65,23.95,19.79,14.59,True,Wider Indian Ocean (buffer around India)
14.74,91.88,58,30.31,0.787,34.88,29.23,26.44,22.18,16.75,True,Bay of Bengal
20.54,66.21,50,29.36,0.801,35.26,28.17,25.71,21.89,16.53,True,Arabian Sea
16.96,85.13,292,27.73,0.673,34.92,26.92,24.1,20.33,14.39,True,Bay of Bengal
10.58,85.76,144,29.41,0.781,34.84,28.86,26.08,22.37,16.97,True,Bay of Bengal
7.18,99.08,77,30.07,0.754,34.58,29.08,26.01,21.75,16.48,True,Bay of Bengal
16.41,52.8,75,29.34,0.758,34.95,28.09,25.14,20.17,13.92,True,Wider Indian Ocean (buffer around India)
17.1,65.08,342,28.2,0.72,35.12,27.13,24.08,19.91,14.35,True,Arabian Sea
13.55,66.54,63,29.4,0.753,35.08,28.18,25.1,20.88,15.55,True,Arabian Sea
10.73,91.27,120,29.91,0.778,34.66,29.17,26.4,22.42,17.28,True,Bay of Bengal
9.89,96.12,292,27.94,0.717,34.68,26.98,23.95,19.96,14.51,True,Bay of Bengal
16.38,84.77,13,28.93,0.755,34.94,28.18,25.47,20.83,15.53,True,Wider Indian Ocean (buffer around India)
21.64,96.17,124,28.86,0.766,34.65,27.66,24.42,20.95,15.38,True,Bay of Bengal
16.32,62.35,238,27.13,0.729,34.98,26.17,22.65,18.29,12.55,True,Arabian Sea
10.47,56.53,288,27.9,0.73,35.01,27.16,24.16,20.71,15.18,True,Wider Indian Ocean (buffer around India)
12.05,74.47,296,27.56,0.683,35.22,26.82,24.24,19.9,14.41,True,Arabian Sea
19.48,65.8,104,29.26,0.733,35.16,28.66,25.85,22.12,16.14,True,Arabian Sea
8.67,98.73,130,29.71,0.801,34.5,28.47,25.27,21.37,16.38,True,Bay of Bengal
6.98,81.18,290,28.21,0.667,34.94,27.31,24.51,20.88,15.21,True,Bay of Bengal
19.81,98.2,206,27.48,0.696,34.85,26.41,23.32,19.02,13.5,True,Bay of Bengal
12.0,84.68,340,28.02,0.767,35.04,26.8,24.03,19.87,14.51,True,Wider Indian Ocean (buffer around India)
12.88,65.48,189,28.96,0.781,35.0,27.85,24.7,20.33,14.49,True,Arabian Sea
-8.1,69.91,271,29.13,0.811,35.02,27.37,24.58,20.29,14.41,True,Wider Indian Ocean (buffer around India)
-3.4,68.22,285,28.57,0.695,35.05,27.3,24.88,20.73,15.31,True,Wider Indian Ocean (buffer around India)
18.35,95.21,339,27.63,0.677,34.65,26.45,23.02,18.9,13.6,True,Bay of Bengal
12.1,70.03,267,27.52,0.644,35.3,26.42,23.77,19.31,13.65,True,Arabian Sea
21.23,94.47,336,27.64,0.686,34.66,26.64,23.84,20.48,14.29,True,Bay of Bengal
11.63,73.15,309,27.94,0.636,35.18,26.8,23.79,19.79,14.0,True,Arabian Sea
21.34,95.73,157,28.11,0.724,34.62,27.54,24.73,20.95,15.17,True,Bay of Bengal
10.44,64.84,125,29.34,0.748,35.14,28.28,25.19,21.49,16.47,True,Arabian Sea
0.49,92.26,10,29.71,0.727,34.97,28.41,25.69,22.08,16.58,True,Wider Indian Ocean (buffer around India)
5.22,90.2,113,29.94,0.745,34.78,28.39,25.49,21.61,16.27,True,Bay of Bengal
-4.66,57.79,305,28.55,0.75,34.9,26.74,23.78,19.67,14.26,True,Wider Indian Ocean (buffer around India)
17.23,92.45,300,27.54,0.72,34.79,26.48,23.74,20.18,15.33,True,Bay of Bengal
17.97,82.38,260,27.04,0.727,34.94,25.99,22.79,18.59,13.05,True,Bay of Bengal
15.62,96.32,335,28.1,0.73,34.66,27.04,24.14,19.97,14.62,True,Wider Indian Ocean (buffer around India)
-8.02,44.74,2,30.11,0.768,34.6,28.48,25.43,21.03,16.32,True,Wider Indian Ocean (buffer around India)
16.2,62.85,74,29.32,0.809,34.99,28.0,25.68,21.22,15.32,True,Arabian Sea
9.35,75.23,180,28.77,0.707,35.18,27.33,23.86,19.58,13.55,True,Arabian Sea
10.47,69.44,276,27.7,0.676,35.32,26.55,23.63,19.7,13.77,True,Arabian Sea
7.18,81.09,48,29.68,0.761,34.79,28.76,26.06,21.94,16.72,True,Bay of Bengal
1.64,68.15,103,30.96,0.813,35.21,29.86,26.85,22.82,17.89,True,Wider Indian Ocean (buffer around India)
6.63,81.21,8,29.31,0.762,35.04,28.63,25.94,22.88,17.13,True,Bay of Bengal
23.25,70.54,339,27.58,0.709,35.44,26.93,24.13,19.62,14.03,True,Arabian Sea
15.21,83.15,307,27.82,0.717,35.09,26.87,24.26,20.16,14.84,True,Bay of Bengal
18.37,70.96,208,27.73,0.698,35.09,26.7,23.5,19.07,13.52,True,Arabian Sea
18.68,80.34,238,26.98,0.624,35.14,25.9,23.29,19.65,14.06,True,Bay of Bengal
7.24,83.09,361,29.38,0.707,34.93,28.2,25.41,20.81,15.83,True,Bay of Bengal
12.37,94.89,358,28.71,0.724,34.7,27.76,25.21,21.33,16.15,True,Bay of Bengal
13.42,76.84,286,27.54,0.676,34.93,27.08,24.25,19.73,13.97,True,Arabian Sea
16.35,91.19,224,27.69,0.698,34.83,26.55,24.03,20.19,14.13,True,Bay of Bengal
5.74,93.35,191,29.14,0.846,34.55,27.99,25.26,21.07,15.43,True,Bay of Bengal
22.93,72.34,31,28.04,0.758,35.09,27.51,24.79,20.65,15.18,True,Arabian Sea
5.78,81.67,53,29.98,0.819,34.92,28.75,26.33,22.09,17.31,True,Bay of Bengal
8.62,47.98,70,29.98,0.806,34.65,29.02,26.1,22.0,16.57,True,Wider Indian Ocean (buffer around India)
12.36,92.64,85,29.46,0.741,34.64,28.37,24.75,19.86,14.8,True,Bay of Bengal
11.49,94.85,16,29.52,0.75,34.61,28.42,25.54,21.4,16.37,True,Wider Indian Ocean (buffer around India)
1.19,92.56,45,30.62,0.802,34.57,29.36,26.07,21.55,15.77,True,Wider Indian Ocean (buffer around India)
15.9,90.85,8,28.07,0.734,34.66,27.24,24.54,20.35,15.19,True,Bay of Bengal
5.92,81.7,361,29.42,0.748,34.93,28.44,25.85,22.28,16.69,True,Bay of Bengal
9.54,67.45,149,29.75,0.733,35.23,28.72,25.67,21.83,16.63,True,Arabian Sea
-9.95,44.65,251,29.3,0.756,34.84,27.82,25.19,20.65,15.76,True,Wider Indian Ocean (buffer around India)
13.87,73.93,263,27.41,0.66,35.18,26.46,23.57,19.8,14.5,True,Arabian Sea
19.78,81.92,263,26.95,0.638,34.95,25.88,23.47,18.79,13.6,True,Bay of Bengal
5.88,87.23,54,30.35,0.788,34.93,29.21,26.17,22.68,16.99,True,Bay of Bengal
9.11,97.72,91,30.18,0.708,34.55,29.0,25.65,21.67,16.26,True,Bay of Bengal
15.41,81.9,184,28.26,0.735,34.94,26.88,23.42,19.6,13.94,True,Bay of Bengal
6.55,81.6,162,29.61,0.713,34.98,28.73,25.8,22.39,16.97,True,Bay of Bengal
-5.54,85.09,322,29.38,0.709,34.95,27.83,24.98,21.29,15.25,True,Wider Indian Ocean (buffer around India)
-1.63,81.48,221,29.06,0.711,35.01,27.55,24.69,20.02,14.44,True,Wider Indian Ocean (buffer around India)
10.86,96.39,106,29.64,0.772,34.73,28.63,25.64,21.77,16.0,True,Wider Indian Ocean (buffer around India)
5.56,97.75,294,27.79,0.686,34.64,26.99,23.58,18.9,13.6,True,Bay of Bengal
-1.05,63.45,81,31.51,0.797,34.94,30.23,27.23,22.38,17.24,True,Wider Indian Ocean (buffer around India)
6.63,80.51,107,30.46,0.847,34.92,29.5,26.01,21.9,16.98,True,Bay of Bengal
9.21,99.85,140,29.67,0.693,34.65,28.67,26.04,22.34,16.76,True,Bay of Bengal
9.49,82.99,140,30.18,0.723,35.02,28.8,25.71,21.69,16.03,True,Bay of Bengal
9.47,64.82,265,28.05,0.717,35.13,26.81,23.94,20.32,14.7,True,Arabian Sea
22.74,61.78,79,29.33,0.655,34.97,28.32,25.72,21.72,16.23,True,Arabian Sea
12.5,66.67,155,28.9,0.723,35.09,27.81,25.01,21.06,15.46,True,Arabian Sea
12.33,60.34,167,29.16,0.793,35.0,28.23,25.33,22.08,16.6,True,Arabian Sea
15.27,67.45,335,27.62,0.702,35.04,26.71,24.16,20.54,15.21,True,Arabian Sea
14.96,70.53,99,29.1,0.742,35.24,27.99,25.78,20.42,14.66,True,Arabian Sea
14.62,97.92,339,27.77,0.766,34.65,26.67,23.7,20.0,15.46,True,Bay of Bengal
-7.1,77.71,135,30.75,0.842,34.93,29.15,26.19,21.34,15.86,True,Wider Indian Ocean (buffer around India)
10.4,71.37,348,28.11,0.773,35.12,27.39,24.88,20.29,14.92,True,Wider Indian Ocean (buffer around India)
24.25,70.59,81,28.85,0.683,35.24,27.99,25.26,20.68,14.93,True,Wider Indian Ocean (buffer around India)
12.45,63.27,231,27.93,0.684,35.1,26.52,24.42,20.32,14.76,True,Arabian Sea
15.54,75.07,79,28.75,0.734,35.23,27.71,24.75,20.78,14.85,True,Arabian Sea
7.32,96.9,360,28.92,0.712,34.58,27.39,24.76,20.58,15.61,True,Bay of Bengal
14.51,53.42,29,28.75,0.732,34.9,27.93,24.96,20.39,15.09,True,Wider Indian Ocean (buffer around India)
5.05,45.64,129,30.27,0.76,34.77,29.06,26.17,22.88,17.05,True,Wider Indian Ocean (buffer around India)
22.0,70.35,212,27.05,0.723,35.15,26.38,23.22,19.44,14.04,True,Arabian Sea
10.08,71.48,234,28.0,0.745,35.22,27.01,23.73,19.44,14.26,True,Arabian Sea
11.76,67.7,63,30.11,0.788,35.17,29.52,26.36,21.27,16.33,True,Wider Indian Ocean (buffer around India)
9.29,94.26,243,27.96,0.701,34.71,26.91,23.73,19.59,14.24,True,Bay of Bengal
21.28,47.59,199,27.98,0.682,34.8,27.2,24.2,20.1,15.09,True,Wider Indian Ocean (buffer around India)
-3.03,72.85,341,29.31,0.741,35.25,27.76,24.69,21.71,16.13,True,Wider Indian Ocean (buffer around India)
12.23,90.33,148,29.25,0.739,34.91,28.22,25.31,21.08,15.65,True,Bay of Bengal
15.9,63.78,313,27.37,0.709,35.12,26.42,23.5,19.69,14.71,True,Wider Indian Ocean (buffer around India)
14.4,83.43,323,27.48,0.695,34.87,26.34,23.75,20.45,15.14,True,Bay of Bengal
11.86,67.04,139,29.89,0.763,35.28,28.99,26.08,22.37,17.3,True,Arabian Sea
11.57,94.8,313,27.55,0.708,34.73,26.47,23.64,19.16,13.62,True,Bay of Bengal
23.68,75.48,208,27.05,0.682,35.02,26.4,23.74,18.95,13.47,True,Arabian Sea
7.03,99.84,61,29.91,0.814,34.65,28.77,25.74,21.34,16.39,True,Bay of Bengal
6.28,82.89,166,29.82,0.795,34.95,28.53,26.04,22.36,16.51,True,Bay of Bengal
-7.89,82.16,86,32.07,0.81,35.03,30.72,27.38,22.46,16.89,True,Wider Indian Ocean (buffer around India)
7.88,99.99,317,28.26,0.733,34.67,27.82,25.24,21.11,15.7,True,Bay of Bengal
9.45,68.04,73,29.84,0.778,35.0,28.86,26.09,21.45,16.09,True,Arabian Sea
18.53,82.48,52,29.34,0.706,34.83,28.39,25.81,21.34,16.37,True,Bay of Bengal
7.26,80.06,54,30.19,0.77,35.15,29.27,25.82,21.65,15.72,True,Bay of Bengal
19.28,45.24,207,27.96,0.73,34.76,27.05,23.82,19.55,13.44,True,Wider Indian Ocean (buffer around India)
17.18,98.94,274,27.82,0.665,34.61,27.09,24.74,20.82,15.02,True,Bay of Bengal
10.83,73.39,38,29.07,0.755,35.09,28.0,24.92,21.24,16.36,True,Arabian Sea
20.43,74.38,317,27.67,0.708,34.94,26.92,23.99,20.12,14.81,True,Arabian Sea
4.84,83.13,147,29.89,0.716,35.03,28.6,25.53,21.16,15.95,True,Wider Indian Ocean (buffer around India)
15.24,96.64,160,28.81,0.753,34.63,27.99,24.8,21.25,16.12,True,Bay of Bengal
15.29,84.15,190,28.37,0.638,34.98,27.46,24.83,21.05,15.26,True,Bay of Bengal
0.67,60.71,223,29.45,0.782,35.04,28.33,25.34,20.64,15.76,True,Wider Indian Ocean (buffer around India)
16.02,69.19,131,29.41,0.757,35.26,28.26,25.37,20.95,15.05,True,Arabian Sea
11.6,82.0,235,27.91,0.732,34.96,26.79,23.16,19.01,13.21,True,Bay of Bengal
22.2,55.48,308,26.92,0.648,35.07,26.44,23.98,20.08,14.5,True,Wider Indian Ocean (buffer around India)
-6.38,49.34,14,30.22,0.826,34.66,29.2,25.87,22.17,16.65,True,Wider Indian Ocean (buffer around India)
10.9,97.27,194,28.09,0.712,34.68,27.13,24.27,19.96,14.4,True,Bay of Bengal
13.77,74.63,291,27.3,0.747,34.96,26.38,23.37,19.52,13.84,True,Arabian Sea
22.83,71.12,19,28.54,0.67,35.32,27.65,24.51,20.11,14.59,True,Arabian Sea
21.21,70.86,319,27.04,0.721,35.14,26.14,22.75,18.07,12.01,True,Arabian Sea
17.14,63.34,185,28.42,0.755,35.05,27.43,24.98,20.8,15.28,True,Arabian Sea
16.98,86.5,351,27.86,0.657,34.91,27.06,24.51,20.68,15.15,True,Bay of Bengal
21.6,80.1,303,26.69,0.619,35.08,25.91,23.79,19.76,14.4,True,Bay of Bengal
7.69,93.18,148,29.71,0.776,34.73,28.25,25.31,21.14,15.69,True,Bay of Bengal
11.6,87.77,66,29.47,0.733,34.76,28.47,25.57,22.11,17.13,True,Wider Indian Ocean (buffer around India)
-8.49,76.42,148,31.16,0.739,35.24,29.65,27.35,23.73,18.22,True,Wider Indian Ocean (buffer around India)
9.43,85.09,73,29.82,0.769,35.0,28.22,25.81,21.65,15.92,True,Bay of Bengal
9.52,98.33,349,28.76,0.736,34.53,27.46,24.93,20.99,15.28,True,Bay of Bengal
20.3,67.83,216,27.13,0.625,35.24,26.51,23.69,19.83,14.51,True,Arabian Sea
15.48,97.85,311,26.92,0.643,34.65,25.66,23.01,18.86,13.82,True,Bay of Bengal
8.14,52.41,38,29.76,0.807,34.78,28.35,25.14,21.59,15.75,True,Wider Indian Ocean (buffer around India)
9.68,74.93,99,29.9,0.783,35.28,28.8,26.2,21.96,16.85,True,Arabian Sea
17.83,63.52,51,29.04,0.695,34.99,28.61,25.51,21.06,15.75,True,Arabian Sea
24.65,79.34,263,26.3,0.666,35.16,25.24,22.18,18.2,12.96,True,Wider Indian Ocean (buffer around India)
12.15,81.12,253,27.4,0.693,34.94,26.44,23.36,19.33,14.5,True,Bay of Bengal
10.77,61.18,160,29.46,0.769,34.85,28.21,24.67,20.32,14.79,True,Arabian Sea
11.49,86.76,222,28.09,0.739,34.84,27.22,24.42,20.37,14.77,True,Bay of Bengal
9.09,93.81,93,30.57,0.732,34.69,29.36,25.88,21.98,15.96,True,Bay of Bengal
-3.77,60.37,293,29.01,0.585,35.12,27.62,24.91,20.17,14.35,True,Wider Indian Ocean (buffer around India)
16.36,97.51,363,28.01,0.687,34.63,26.91,24.01,19.77,14.13,True,Bay of Bengal
-5.05,44.48,205,29.51,0.743,34.77,28.56,25.76,21.69,16.04,True,Wider Indian Ocean (buffer around India)
4.8,79.24,285,27.6,0.744,35.25,26.49,22.94,18.43,13.13,True,Wider Indian Ocean (buffer around India)
23.32,53.08,29,28.46,0.719,34.98,27.6,24.41,20.3,14.96,True,Wider Indian Ocean (buffer around India)
8.15,73.01,264,27.5,0.712,35.13,26.28,23.15,19.97,14.25,True,Wider Indian Ocean (buffer around India)
13.96,61.9,282,27.17,0.724,34.89,25.8,23.03,19.01,13.65,True,Arabian Sea
23.53,76.75,38,28.52,0.68,35.16,27.6,24.86,20.93,15.46,True,Arabian Sea
20.22,73.22,323,27.43,0.663,35.07,26.79,24.32,20.97,15.66,True,Arabian Sea
15.24,83.28,307,27.22,0.69,34.92,25.82,22.75,19.12,13.28,True,Wider Indian Ocean (buffer around India)
11.62,82.26,98,29.95,0.712,34.87,29.09,26.55,22.47,16.84,True,Wider Indian Ocean (buffer around India)
10.2,64.5,68,29.92,0.75,35.21,29.03,25.92,21.83,16.23,True,Arabian Sea
20.35,72.24,291,26.63,0.641,35.09,25.74,22.45,17.76,11.55,True,Arabian Sea
10.15,75.91,80,30.39,0.788,35.02,29.24,26.65,22.77,17.32,True,Arabian Sea
9.98,69.12,20,29.36,0.826,35.13,28.23,25.17,21.39,15.75,True,Arabian Sea
11.25,92.12,365,28.52,0.747,34.78,27.56,24.58,20.9,15.12,True,Bay of Bengal
20.01,69.85,341,27.81,0.702,35.24,27.0,23.75,19.29,13.52,True,Wider Indian Ocean (buffer around India)
8.9,59.37,281,28.07,0.715,34.78,26.81,23.89,19.46,13.7,True,Wider Indian Ocean (buffer around India)
5.53,88.49,3,29.16,0.712,34.9,27.88,24.57,20.92,14.92,True,Bay of Bengal
16.28,96.69,95,29.85,0.796,34.82,29.11,26.27,22.38,16.92,True,Wider Indian Ocean (buffer around India)
14.1,65.53,223,27.63,0.656,35.12,26.47,23.52,19.57,14.47,True,Arabian Sea
16.52,95.46,128,29.41,0.805,34.62,28.53,26.02,21.34,15.77,True,Bay of Bengal
18.62,80.87,281,27.55,0.705,34.95,26.63,24.19,20.12,14.75,True,Bay of Bengal
20.14,92.56,245,26.85,0.669,34.94,26.06,23.16,18.37,13.06,True,Bay of Bengal
23.44,81.03,307,26.72,0.7,34.96,25.99,22.89,18.77,12.89,True,Wider Indian Ocean (buffer around India)
19.4,83.21,359,27.52,0.586,34.91,26.59,24.38,20.09,14.27,True,Bay of Bengal
2.38,94.72,62,30.13,0.837,34.6,28.98,26.38,22.44,16.87,True,Wider Indian Ocean (buffer around India)
13.26,91.64,112,29.66,0.741,34.89,28.69,25.52,20.61,15.19,True,Bay of Bengal
16.86,68.16,71,29.44,0.824,35.11,28.43,26.03,21.67,16.04,True,Arabian Sea
18.68,98.53,321,27.24,0.721,34.61,26.48,23.27,19.79,14.01,True,Bay of Bengal
15.32,79.85,64,29.51,0.805,35.06,28.5,25.04,20.35,14.97,True,Wider Indian Ocean (buffer around India)
11.83,75.97,266,27.31,0.684,35.06,25.79,22.75,18.33,13.18,True,Wider Indian Ocean (buffer around India)
5.73,80.07,210,28.42,0.677,34.99,27.29,24.24,19.57,14.02,True,Bay of Bengal
15.98,72.78,262,27.46,0.717,35.26,26.23,23.47,19.37,13.75,True,Arabian Sea
19.17,98.3,187,28.19,0.722,34.66,27.72,24.87,20.4,14.89,True,Bay of Bengal
-6.87,85.49,354,29.93,0.755,34.79,28.24,25.84,21.92,16.32,True,Wider Indian Ocean (buffer around India)
20.37,97.39,99,28.94,0.725,34.56,28.15,24.58,20.22,15.05,True,Wider Indian Ocean (buffer around India)
-4.63,55.45,303,28.47,0.726,34.88,27.3,24.66,20.37,15.09,True,Wider Indian Ocean (buffer around India)
2.24,81.86,282,28.42,0.739,34.82,27.25,24.45,20.93,15.48,True,Wider Indian Ocean (buffer around India)
11.61,72.96,24,28.92,0.818,35.13,28.05,24.47,20.51,15.3,True,Arabian Sea
15.89,73.17,175,28.67,0.796,35.24,27.64,25.15,21.41,16.05,True,Arabian Sea
7.57,81.36,230,27.92,0.646,35.13,26.87,24.16,20.15,14.5,True,Bay of Bengal
14.04,86.99,164,28.77,0.75,34.71,27.97,24.8,21.04,14.99,True,Bay of Bengal
19.64,81.87,123,28.33,0.719,34.91,27.52,25.06,20.95,15.67,True,Bay of Bengal
8.89,70.53,173,29.16,0.804,35.29,28.14,24.89,21.19,15.22,True,Arabian Sea
16.41,88.22,263,27.51,0.614,34.92,26.29,24.29,20.5,14.98,True,Bay of Bengal
15.16,71.99,362,28.29,0.7,35.22,27.2,24.47,20.64,14.9,True,Wider Indian Ocean (buffer around India)
-7.91,97.41,155,30.44,0.717,34.62,29.21,25.92,21.55,15.6,True,Wider Indian Ocean (buffer around India)
17.36,94.29,126,29.89,0.793,34.66,28.62,26.43,22.77,17.51,True,Bay of Bengal
11.43,99.33,196,28.37,0.62,34.58,27.29,24.38,20.47,14.37,True,Bay of Bengal
20.14,69.56,253,26.91,0.697,35.25,26.16,23.41,18.95,14.08,True,Arabian Sea
11.69,91.74,191,28.22,0.758,34.8,27.3,24.79,20.39,15.0,True,Bay of Bengal
17.75,93.56,229,27.44,0.708,34.81,26.34,23.54,19.88,14.25,True,Bay of Bengal
6.99,91.66,257,28.12,0.765,34.95,27.03,24.28,20.23,14.76,True,Bay of Bengal
18.04,76.24,364,28.28,0.703,34.97,27.31,24.69,20.89,15.19,True,Arabian Sea
9.27,85.47,78,30.48,0.74,34.98,29.72,27.05,22.11,16.89,True,Bay of Bengal
20.3,86.35,40,28.67,0.755,34.9,27.66,24.57,20.68,14.86,True,Wider Indian Ocean (buffer around India)
10.66,82.18,89,30.53,0.798,34.88,29.56,26.54,22.52,17.52,True,Bay of Bengal
22.37,63.53,350,27.48,0.767,35.1,26.77,24.16,19.3,14.49,True,Arabian Sea
9.85,61.7,28,29.43,0.76,34.9,28.04,25.1,21.13,15.78,True,Arabian Sea
5.4,89.82,37,30.38,0.778,34.79,28.99,26.39,22.72,17.27,True,Bay of Bengal
17.33,97.08,341,27.67,0.688,34.54,26.56,23.86,19.66,14.55,True,Bay of Bengal
21.13,85.34,58,29.16,0.766,34.81,28.49,25.95,21.66,16.84,True,Bay of Bengal
11.82,96.99,356,28.46,0.73,34.78,27.24,24.42,20.05,15.1,True,Bay of Bengal
14.2,60.08,283,26.69,0.727,35.04,25.79,22.45,18.65,13.41,True,Arabian Sea
19.17,49.79,301,26.95,0.669,34.75,26.29,23.29,18.23,12.61,True,Wider Indian Ocean (buffer around India)
15.59,95.17,203,28.27,0.714,34.56,27.32,24.34,20.02,14.79,True,Bay of Bengal
8.11,88.7,169,29.27,0.728,34.81,28.09,25.17,20.87,15.53,True,Bay of Bengal
11.55,93.99,76,29.82,0.749,34.77,28.98,26.29,22.59,17.14,True,Bay of Bengal
12.34,64.7,320,28.26,0.647,35.08,27.22,24.08,19.74,14.48,True,Wider Indian Ocean (buffer around India)
-9.56,82.62,131,31.39,0.795,34.91,30.11,27.63,23.83,18.93,True,Wider Indian Ocean (buffer around India)
9.51,76.37,141,29.96,0.757,35.03,28.77,25.38,21.68,16.09,True,Arabian Sea
13.6,88.15,258,27.53,0.674,34.88,26.23,23.11,19.16,13.57,True,Bay of Bengal
-1.6,44.98,179,29.41,0.702,34.73,28.05,25.19,21.2,15.99,True,Wider Indian Ocean (buffer around India)
10.3,69.69,182,29.4,0.753,35.13,28.01,25.24,21.0,15.25,True,Arabian Sea
4.33,87.51,73,30.76,0.797,34.93,29.44,26.38,22.19,16.68,True,Wider Indian Ocean (buffer around India)
1.14,45.84,166,29.5,0.717,34.63,28.17,25.52,21.3,15.09,True,Wider Indian Ocean (buffer around India)
11.09,71.27,177,28.83,0.754,35.28,27.61,24.56,20.53,14.81,True,Arabian Sea
21.83,83.16,93,29.21,0.783,35.17,27.99,25.69,22.13,16.76,True,Bay of Bengal
5.6,84.53,286,28.01,0.717,35.03,27.36,24.48,20.5,14.99,True,Bay of Bengal
21.9,95.85,328,27.22,0.681,34.65,26.4,23.32,18.31,12.82,True,Bay of Bengal
11.6,63.56,58,29.71,0.79,35.12,28.81,25.56,20.83,15.06,True,Wider Indian Ocean (buffer around India)
21.72,76.31,26,28.11,0.814,35.08,27.54,24.56,20.94,15.53,True,Arabian Sea
-3.41,85.19,362,29.8,0.774,34.93,28.3,25.39,21.42,16.22,True,Wider Indian Ocean (buffer around India)
13.88,76.74,190,28.89,0.8,35.01,27.87,24.75,20.91,15.22,True,Arabian Sea
8.35,74.3,47,29.73,0.744,34.98,28.6,26.08,21.81,15.91,True,Arabian Sea
15.84,95.48,216,27.51,0.648,34.78,26.27,23.15,18.86,12.88,True,Bay of Bengal
19.71,91.17,1,28.21,0.718,34.82,27.37,24.58,20.57,14.76,True,Wider Indian Ocean (buffer around India)
21.63,68.57,7,28.09,0.758,35.12,27.53,25.22,21.53,16.02,True,Arabian Sea
11.2,66.82,307,27.76,0.718,35.13,26.6,24.15,19.94,14.38,True,Arabian Sea
20.0,86.98,80,29.25,0.717,34.98,28.64,25.5,20.7,14.58,True,Wider Indian Ocean (buffer around India)
10.14,84.39,162,29.38,0.791,34.99,28.27,25.03,20.0,14.16,True,Bay of Bengal
11.27,93.55,194,27.87,0.705,34.7,26.59,23.96,19.17,14.02,True,Bay of Bengal
21.18,93.33,197,27.94,0.702,34.62,27.22,24.14,20.05,14.44,True,Bay of Bengal
7.19,87.92,59,29.63,0.792,35.02,28.6,25.17,21.35,15.52,True,Bay of Bengal
14.46,74.88,104,29.14,0.79,35.17,28.0,25.66,21.83,16.11,True,Arabian Sea
10.88,96.39,252,27.25,0.736,34.58,26.05,23.19,19.26,13.64,True,Bay of Bengal
21.91,85.91,177,27.9,0.697,34.89,27.04,24.12,19.84,14.79,True,Bay of Bengal
15.08,64.78,145,28.74,0.655,35.06,27.76,24.82,20.63,15.4,True,Arabian Sea
21.47,67.19,34,28.49,0.75,35.21,27.37,24.32,19.66,14.05,True,Arabian Sea
22.66,61.65,229,27.21,0.675,35.02,26.51,24.03,19.8,14.66,True,Arabian Sea
18.11,60.7,153,29.29,0.712,35.06,28.29,25.52,21.58,15.87,True,Arabian Sea
8.8,89.3,81,30.14,0.719,34.88,28.81,25.98,20.91,15.24,True,Bay of Bengal
11.03,61.86,206,27.95,0.74,35.13,27.02,23.67,19.02,13.44,True,Arabian Sea
7.37,91.13,129,29.96,0.71,34.91,28.82,25.57,21.22,15.72,True,Bay of Bengal
19.26,80.25,350,28.18,0.739,34.95,27.2,23.84,19.35,13.86,True,Bay of Bengal
-3.88,52.25,139,30.94,0.922,34.75,29.39,26.39,22.06,16.3,True,Wider Indian Ocean (buffer around India)
21.39,65.43,114,29.24,0.8,35.15,28.17,25.37,21.14,16.08,True,Arabian Sea
7.24,96.81,316,28.52,0.791,34.59,27.42,24.69,20.4,14.9,True,Bay of Bengal
10.62,67.22,264,27.58,0.709,35.12,26.3,23.31,19.52,13.8,True,Arabian Sea
15.9,87.62,298,27.2,0.707,35.05,26.13,23.49,19.1,14.07,True,Bay of Bengal
9.17,82.25,312,28.24,0.653,35.0,27.25,24.79,21.0,15.24,True,Bay of Bengal
18.48,94.7,251,27.02,0.761,34.68,26.13,23.92,19.45,13.86,True,Bay of Bengal
21.88,75.12,2,28.5,0.705,35.1,27.99,25.37,21.5,16.54,True,Arabian Sea
15.16,86.68,323,26.97,0.688,34.85,25.82,23.3,19.32,14.03,True,Bay of Bengal
14.17,92.04,358,28.33,0.699,34.61,27.36,24.5,20.16,14.66,True,Bay of Bengal
17.05,67.76,72,30.01,0.79,35.18,29.33,26.59,22.83,17.03,True,Arabian Sea
9.74,71.62,359,28.53,0.691,35.17,27.23,24.43,20.11,14.77,True,Arabian Sea
5.07,88.27,356,29.34,0.721,34.85,27.91,25.66,21.67,16.31,True,Bay of Bengal
12.34,93.21,317,27.36,0.68,34.54,26.36,23.38,18.73,13.54,True,Bay of Bengal
18.69,52.14,340,27.46,0.716,34.8,26.73,23.83,19.35,13.92,True,Wider Indian Ocean (buffer around India)
17.26,93.39,193,27.98,0.611,34.55,26.87,23.9,19.84,14.24,True,Bay of Bengal
18.35,97.37,339,27.5,0.64,34.67,26.82,24.29,20.89,15.25,True,Bay of Bengal
-3.84,43.27,279,28.81,0.78,34.6,27.3,24.82,20.15,14.48,True,Wider Indian Ocean (buffer around India)
16.63,61.58,233,27.25,0.686,34.89,26.08,22.79,17.93,13.01,True,Arabian Sea
11.32,72.39,320,28.22,0.689,34.94,26.93,24.68,20.39,15.38,True,Wider Indian Ocean (buffer around India)
9.02,65.89,95,29.68,0.763,35.17,28.16,25.37,21.07,15.59,True,Arabian Sea
10.31,61.11,347,28.73,0.713,35.02,27.56,24.83,21.33,15.83,True,Arabian Sea
-5.86,58.08,75,30.77,0.862,35.02,29.66,27.04,23.07,17.97,True,Wider Indian Ocean (buffer around India)
14.57,70.44,319,27.39,0.751,35.2,26.49,23.49,18.92,13.88,True,Wider Indian Ocean (buffer around India)
-6.36,87.88,325,28.74,0.728,35.04,27.41,24.4,20.02,14.28,True,Wider Indian Ocean (buffer around India)
6.13,88.48,215,28.58,0.611,34.82,27.37,24.96,20.78,15.28,True,Bay of Bengal
11.11,90.96,234,27.28,0.76,34.64,26.34,23.3,18.46,13.42,True,Bay of Bengal
21.42,47.85,63,28.99,0.735,34.62,28.13,25.62,20.94,15.57,True,Wider Indian Ocean (buffer around India)
22.99,63.68,26,28.17,0.674,35.06,27.03,24.46,19.98,14.45,True,Arabian Sea
12.27,98.11,117,29.75,0.77,34.59,28.65,25.52,21.62,16.05,True,Bay of Bengal
15.39,96.93,25,28.55,0.756,34.6,27.41,24.33,20.42,14.91,True,Bay of Bengal
20.01,52.34,128,28.65,0.765,34.93,28.08,25.07,20.85,15.38,True,Wider Indian Ocean (buffer around India)
-6.18,51.73,318,29.64,0.784,35.05,28.12,24.84,20.91,15.62,True,Wider Indian Ocean (buffer around India)
14.59,90.49,146,29.33,0.815,34.84,28.48,25.86,21.22,15.59,True,Bay of Bengal
22.25,64.32,141,28.2,0.765,35.07,27.77,24.91,21.42,16.17,True,Arabian Sea
10.15,64.41,291,27.45,0.653,35.09,26.39,23.17,20.21,14.75,True,Arabian Sea
14.9,63.72,241,27.71,0.617,35.34,26.68,24.13,20.06,14.63,True,Arabian Sea
13.37,59.64,200,28.47,0.696,34.87,27.3,24.61,20.64,15.33,True,Wider Indian Ocean (buffer around India)
17.6,50.82,354,28.25,0.717,34.9,27.71,24.85,20.52,14.62,True,Wider Indian Ocean (buffer around India)
-5.95,85.09,110,30.88,0.836,35.06,29.47,26.64,22.83,17.16,True,Wider Indian Ocean (buffer around India)
0.64,46.01,229,29.1,0.759,34.83,28.0,24.86,20.67,15.08,True,Wider Indian Ocean (buffer around India)
19.88,73.44,346,27.73,0.663,35.15,26.94,24.07,20.19,14.55,True,Arabian Sea
19.47,56.18,336,27.54,0.684,35.04,26.54,23.72,19.61,14.02,True,Wider Indian Ocean (buffer around India)
6.27,90.35,82,29.97,0.795,34.66,28.89,26.21,21.98,16.25,True,Bay of Bengal
14.85,69.26,243,27.41,0.658,35.31,26.33,23.54,19.55,13.78,True,Arabian Sea
18.55,75.82,317,26.74,0.668,35.16,26.02,23.48,18.98,13.83,True,Arabian Sea
13.72,70.01,347,28.26,0.75,35.3,27.27,24.15,20.24,14.69,True,Wider Indian Ocean (buffer around India)
10.42,98.14,236,27.63,0.675,34.74,26.47,23.37,19.51,13.61,True,Bay of Bengal
16.87,72.75,227,28.09,0.711,35.3,27.34,24.14,20.15,14.77,True,Arabian Sea
5.48,91.27,236,28.59,0.796,34.93,27.96,24.51,20.6,14.92,True,Bay of Bengal
-5.8,62.89,202,29.36,0.769,35.07,28.09,24.77,21.11,15.75,True,Wider Indian Ocean (buffer around India)
14.28,72.73,215,27.83,0.665,35.19,26.67,23.68,18.92,13.35,True,Arabian Sea
18.95,94.93,100,29.28,0.705,34.65,28.42,26.03,21.74,15.84,True,Bay of Bengal
21.23,82.4,353,27.62,0.743,34.99,26.71,24.29,19.85,14.73,True,Wider Indian Ocean (buffer around India)
14.07,92.68,199,27.79,0.722,34.69,26.71,23.79,19.53,14.66,True,Bay of Bengal
17.86,92.83,118,29.36,0.683,34.67,28.6,26.35,22.78,17.54,True,Wider Indian Ocean (buffer around India)
12.67,95.97,43,28.72,0.756,34.55,27.36,24.21,19.9,14.5,True,Bay of Bengal
3.74,74.37,340,29.6,0.779,35.15,28.43,25.92,21.86,16.45,True,Wider Indian Ocean (buffer around India)
11.99,67.95,297,27.18,0.678,35.13,26.22,23.27,19.14,13.03,True,Arabian Sea
14.72,99.99,97,29.29,0.722,34.4,28.04,24.65,21.05,15.51,True,Bay of Bengal
-1.63,71.69,204,29.3,0.689,35.19,27.92,24.78,21.01,15.63,True,Wider Indian Ocean (buffer around India)
22.8,60.31,212,27.42,0.707,35.04,26.82,23.96,19.57,14.19,True,Arabian Sea
15.47,73.49,58,29.67,0.756,34.95,28.43,25.26,21.84,16.04,True,Arabian Sea
-1.83,50.71,364,29.46,0.847,35.03,28.08,25.71,21.76,16.55,True,Wider Indian Ocean (buffer around India)
16.07,66.94,329,27.79,0.616,35.07,26.8,23.8,20.2,14.87,True,Arabian Sea
6.81,58.83,344,28.69,0.751,35.07,27.68,24.97,21.53,15.85,True,Wider Indian Ocean (buffer around India)
-9.11,51.39,167,30.2,0.85,34.72,28.84,25.84,21.87,16.23,True,Wider Indian Ocean (buffer around India)
9.69,64.31,15,29.43,0.69,35.05,28.3,25.68,21.34,16.37,True,Arabian Sea
15.61,72.13,247,26.97,0.647,35.17,25.99,23.7,18.74,13.94,True,Arabian Sea
5.97,80.71,80,30.9,0.832,34.99,29.4,26.68,22.34,17.04,True,Bay of Bengal
5.63,94.46,72,30.18,0.863,34.85,28.6,25.64,20.61,14.65,True,Bay of Bengal
-9.72,62.9,16,30.42,0.746,35.11,28.82,25.98,21.84,16.85,True,Wider Indian Ocean (buffer around India)
16.13,66.8,76,29.73,0.74,35.17,28.82,25.42,21.74,16.23,True,Arabian Sea
24.49,70.56,142,27.91,0.75,35.35,26.97,23.82,20.62,15.23,True,Wider Indian Ocean (buffer around India)
14.7,95.72,242,27.2,0.692,34.7,26.36,23.68,19.68,14.11,True,Wider Indian Ocean (buffer around India)
13.37,99.48,241,27.94,0.658,34.62,27.03,24.53,20.33,14.76,True,Bay of Bengal
14.57,93.69,318,27.19,0.664,34.56,26.22,23.4,19.71,13.76,True,Wider Indian Ocean (buffer around India)
19.86,90.14,140,28.89,0.715,35.01,27.98,24.99,20.85,15.06,True,Bay of Bengal
12.24,68.28,46,29.41,0.758,35.1,28.31,25.47,21.87,16.1,True,Wider Indian Ocean (buffer around India)
-6.46,78.0,267,29.87,0.726,35.05,28.29,25.21,20.79,15.07,True,Wider Indian Ocean (buffer around India)
13.5,89.54,30,28.96,0.726,34.67,27.88,25.47,21.55,16.29,True,Bay of Bengal
14.59,79.03,229,27.43,0.677,35.03,25.97,23.08,19.56,14.15,True,Wider Indian Ocean (buffer around India)
19.09,78.76,56,29.52,0.817,35.08,28.5,25.22,21.13,15.36,True,Wider Indian Ocean (buffer around India)
-0.6,86.25,235,29.21,0.77,34.78,28.13,25.07,21.05,15.61,True,Wider Indian Ocean (buffer around India)
6.69,56.42,82,30.73,0.869,35.0,29.56,26.23,21.95,16.39,True,Wider Indian Ocean (buffer around India)
18.87,85.35,104,29.22,0.837,34.93,28.15,25.25,21.31,16.1,True,Bay of Bengal
9.72,72.1,211,28.47,0.728,35.0,27.39,24.58,20.04,14.82,True,Arabian Sea
9.81,98.2,51,29.97,0.734,34.62,29.11,25.7,21.47,15.05,True,Bay of Bengal
17.8,95.33,69,29.21,0.767,34.71,28.47,25.01,20.7,15.34,True,Bay of Bengal
17.65,84.9,208,27.35,0.687,34.99,26.53,24.23,20.47,14.38,True,Bay of Bengal
15.02,42.8,164,28.8,0.696,34.69,27.83,25.19,21.37,15.86,True,Wider Indian Ocean (buffer around India)
18.78,93.66,248,27.22,0.768,34.73,26.04,23.33,19.42,14.41,True,Bay of Bengal
6.44,83.09,212,28.97,0.761,34.86,28.22,25.2,21.51,16.25,True,Bay of Bengal
10.24,64.12,80,29.99,0.821,35.04,28.94,26.23,21.96,16.3,True,Arabian Sea
10.23,69.38,120,30.05,0.767,35.11,28.85,26.53,22.29,16.97,True,Wider Indian Ocean (buffer around India)
9.85,63.27,127,30.07,0.791,34.95,29.14,26.46,22.5,17.06,True,Arabian Sea
13.66,91.48,206,28.27,0.71,34.96,27.52,24.97,21.2,15.8,True,Bay of Bengal
14.84,54.76,168,28.95,0.757,34.86,28.06,24.93,20.91,16.06,True,Wider Indian Ocean (buffer around India)
-9.6,52.93,160,31.43,0.831,34.74,30.13,27.45,23.07,17.71,True,Wider Indian Ocean (buffer around India)
23.51,74.86,40,28.18,0.741,35.19,27.18,24.18,19.98,14.54,True,Arabian Sea
10.31,46.79,9,28.71,0.663,34.7,27.51,24.75,21.59,15.66,True,Wider Indian Ocean (buffer around India)
-5.56,55.61,115,31.15,0.839,34.71,29.62,26.52,22.13,16.39,True,Wider Indian Ocean (buffer around India)
10.84,66.77,273,27.77,0.769,35.05,26.69,23.93,20.19,14.24,True,Arabian Sea
21.01,68.14,326,26.97,0.723,35.08,26.21,23.21,18.76,13.32,True,Wider Indian Ocean (buffer around India)
19.84,94.16,334,27.26,0.686,34.68,26.4,22.89,19.17,13.74,True,Bay of Bengal
18.64,64.04,172,27.77,0.711,34.97,26.89,23.63,19.23,13.97,True,Arabian Sea
22.34,65.48,118,28.85,0.775,35.07,27.61,24.8,21.5,16.22,True,Arabian Sea
9.77,62.59,24,29.65,0.712,35.07,28.63,26.03,22.13,16.59,True,Arabian Sea
-3.82,45.96,26,29.9,0.788,34.67,28.41,25.16,20.9,15.99,True,Wider Indian Ocean (buffer around India)
18.84,62.94,94,29.33,0.741,35.21,28.05,25.16,21.37,15.27,True,Arabian Sea
-7.44,48.75,227,29.06,0.73,34.7,27.8,24.57,20.33,14.69,True,Wider Indian Ocean (buffer around India)
15.21,91.89,328,27.97,0.669,34.66,26.71,24.33,20.73,14.82,True,Bay of Bengal
5.73,86.68,350,29.19,0.709,34.98,28.04,25.14,20.87,15.11,True,Wider Indian Ocean (buffer around India)
10.05,72.45,170,28.66,0.751,35.15,27.52,24.74,21.61,15.91,True,Arabian Sea
17.75,85.72,320,27.85,0.667,34.87,26.83,24.13,19.18,13.29,True,Bay of Bengal
24.68,49.43,155,27.98,0.817,34.8,26.95,24.2,19.18,13.8,True,Wider Indian Ocean (buffer around India)
6.88,86.56,87,30.28,0.852,34.88,29.19,25.95,21.9,16.33,True,Bay of Bengal
19.35,64.68,42,29.05,0.75,35.26,28.13,25.27,21.31,15.35,True,Arabian Sea
11.97,75.51,137,29.5,0.757,34.87,28.67,25.96,21.5,15.95,True,Arabian Sea
19.49,80.48,260,26.7,0.622,34.96,25.63,22.79,19.12,13.8,True,Wider Indian Ocean (buffer around India)
15.32,96.36,206,27.55,0.743,34.64,26.99,24.25,19.49,13.94,True,Bay of Bengal
19.92,72.05,21,28.19,0.79,35.11,27.09,24.16,20.82,14.93,True,Wider Indian Ocean (buffer around India)
11.08,97.83,179,28.83,0.745,34.61,27.56,24.31,20.53,15.23,True,Bay of Bengal
13.75,48.57,300,26.6,0.676,34.74,25.9,23.34,19.09,13.57,True,Wider Indian Ocean (buffer around India)
16.83,86.82,1,28.04,0.629,34.74,27.32,24.51,20.49,15.06,True,Bay of Bengal
20.72,64.17,148,28.08,0.646,35.04,27.37,24.47,19.84,14.69,True,Arabian Sea
-3.32,79.97,110,30.79,0.821,34.84,29.18,25.89,21.71,16.65,True,Wider Indian Ocean (buffer around India)
12.97,73.31,55,29.38,0.797,35.01,28.29,25.1,20.98,15.28,True,Arabian Sea
6.19,79.33,291,28.23,0.725,34.93,27.27,24.55,20.17,15.0,True,Wider Indian Ocean (buffer around India)
0.0,41.75,99,30.85,0.844,34.79,29.46,26.89,23.17,17.81,True,Wider Indian Ocean (buffer around India)
21.22,64.43,239,27.04,0.713,35.03,25.74,22.99,18.93,13.55,True,Arabian Sea
9.91,67.55,299,27.5,0.705,35.16,26.99,24.59,21.19,15.67,True,Arabian Sea
13.71,86.28,193,27.95,0.631,34.88,26.69,23.09,19.34,13.87,True,Bay of Bengal
11.44,48.09,340,28.28,0.745,34.73,27.23,24.58,20.25,14.56,True,Wider Indian Ocean (buffer around India)
21.57,98.77,47,29.14,0.746,34.75,28.59,25.41,21.72,16.23,True,Wider Indian Ocean (buffer around India)
15.51,62.45,12,28.27,0.651,35.05,27.35,24.95,21.16,15.94,True,Arabian Sea
10.4,87.79,129,30.14,0.735,34.9,29.03,26.11,21.72,16.29,True,Bay of Bengal
17.16,68.17,55,28.98,0.67,35.34,27.9,25.18,21.07,15.68,True,Arabian Sea
22.0,68.61,336,27.17,0.674,35.29,26.55,24.11,19.43,13.22,True,Wider Indian Ocean (buffer around India)
14.41,91.95,58,29.57,0.749,34.74,28.72,25.47,21.87,16.94,True,Bay of Bengal
13.31,65.66,291,27.58,0.679,35.29,26.71,23.77,19.25,13.31,True,Arabian Sea
-7.5,63.9,53,30.84,0.797,35.02,29.47,27.12,22.6,17.12,True,Wider Indian Ocean (buffer around India)
20.5,62.19,362,28.36,0.715,35.29,27.41,24.41,20.58,14.76,True,Arabian Sea
17.26,85.42,306,27.05,0.689,35.0,26.2,23.21,19.23,14.2,True,Bay of Bengal
24.82,50.91,110,28.82,0.719,35.01,28.39,25.74,21.46,16.25,True,Wider Indian Ocean (buffer around India)
14.88,89.44,219,27.93,0.705,34.81,26.55,23.58,19.65,14.3,True,Bay of Bengal
10.34,99.65,359,28.85,0.697,34.41,27.67,24.66,20.27,15.33,True,Wider Indian Ocean (buffer around India)
12.82,70.63,224,28.17,0.643,35.24,27.33,24.54,19.91,14.67,True,Arabian Sea
18.79,45.57,322,26.94,0.691,34.65,26.11,23.63,20.55,15.29,True,Wider Indian Ocean (buffer around India)
13.98,73.82,135,29.36,0.688,35.07,28.28,25.38,21.26,16.73,True,Arabian Sea
9.83,87.65,314,27.89,0.76,34.99,26.77,23.66,19.25,13.24,True,Bay of Bengal
8.3,43.32,96,29.78,0.711,34.69,28.53,25.5,21.81,16.81,True,Wider Indian Ocean (buffer around India)
17.36,94.48,33,28.66,0.789,34.73,27.63,24.58,20.75,15.22,True,Bay of Bengal
17.15,60.02,139,28.66,0.754,34.9,27.93,25.73,21.85,15.99,True,Arabian Sea
11.26,94.43,111,30.04,0.814,34.75,29.15,25.9,21.61,15.95,True,Bay of Bengal
14.46,73.09,81,30.05,0.752,35.3,28.94,25.57,21.63,15.63,True,Wider Indian Ocean (buffer around India)
11.32,87.1,119,30.08,0.822,34.72,29.0,25.7,21.8,16.57,True,Bay of Bengal
21.99,62.81,264,26.17,0.665,35.07,25.14,22.52,18.45,12.58,True,Arabian Sea
8.26,93.21,260,27.37,0.74,34.68,26.19,23.44,19.23,13.81,True,Bay of Bengal
21.62,69.88,137,28.79,0.767,35.12,27.78,24.99,20.87,15.71,True,Arabian Sea
9.59,61.68,156,29.23,0.755,34.78,27.8,24.67,20.0,14.25,True,Arabian Sea
2.06,56.9,156,30.23,0.752,34.96,29.09,26.41,22.48,17.31,True,Wider Indian Ocean (buffer around India)
12.83,61.06,290,27.66,0.649,35.14,26.64,23.9,19.16,13.83,True,Arabian Sea
9.35,60.61,77,30.22,0.702,35.06,29.5,26.55,22.5,16.99,True,Arabian Sea
4.59,54.94,239,28.33,0.757,34.8,27.1,24.63,20.22,14.01,True,Wider Indian Ocean (buffer around India)
16.01,75.13,285,27.15,0.69,35.02,25.93,22.89,19.01,13.66,True,Arabian Sea
-7.96,66.97,327,29.34,0.731,35.1,28.36,25.48,21.67,16.3,True,Wider Indian Ocean (buffer around India)
7.12,97.62,295,28.01,0.695,34.78,26.97,23.75,19.4,13.7,True,Bay of Bengal
17.65,66.72,208,27.58,0.775,35.25,26.62,23.01,19.07,13.61,True,Arabian Sea
6.45,79.03,280,27.68,0.676,34.86,26.24,23.99,20.01,14.43,True,Wider Indian Ocean (buffer around India)
7.34,70.75,357,29.0,0.775,35.13,27.71,24.18,20.05,14.66,True,Wider Indian Ocean (buffer around India)
-5.58,53.99,44,30.97,0.771,34.86,29.78,26.53,21.98,15.88,True,Wider Indian Ocean (buffer around India)
18.13,91.91,88,29.7,0.871,34.57,28.81,25.99,21.38,15.67,True,Bay of Bengal
24.93,96.94,10,27.89,0.745,34.53,27.26,24.45,20.18,15.01,True,Wider Indian Ocean (buffer around India)
14.02,62.6,333,27.5,0.728,35.07,26.44,23.65,19.53,14.38,True,Arabian Sea
17.11,80.76,55,29.27,0.779,34.94,28.31,24.98,21.09,15.58,True,Wider Indian Ocean (buffer around India)
14.27,99.78,80,29.41,0.779,34.5,28.32,25.58,21.24,16.19,True,Bay of Bengal
14.36,64.64,346,28.02,0.631,35.13,27.03,24.06,19.53,14.62,True,Arabian Sea
13.05,97.09,10,28.77,0.739,34.58,27.71,24.88,20.42,15.09,True,Bay of Bengal
15.02,72.94,207,27.73,0.771,35.07,26.53,23.86,19.74,14.48,True,Arabian Sea
12.9,73.85,352,28.44,0.711,35.1,27.13,24.34,20.37,14.74,True,Arabian Sea
18.21,80.24,57,29.07,0.701,34.98,28.17,25.39,20.55,14.73,True,Bay of Bengal
12.58,89.71,166,28.8,0.746,35.05,27.84,25.09,21.32,16.05,True,Wider Indian Ocean (buffer around India)
20.61,89.11,269,26.85,0.741,34.89,25.97,22.86,18.88,13.49,True,Bay of Bengal
-1.39,96.41,316,28.71,0.74,34.77,27.17,24.38,19.71,14.58,True,Wider Indian Ocean (buffer around India)
1.91,62.48,71,31.07,0.804,35.18,29.92,27.33,23.7,18.2,True,Wider Indian Ocean (buffer around India)
7.13,53.41,302,28.11,0.715,34.83,26.92,24.37,19.38,13.55,True,Wider Indian Ocean (buffer around India)
15.95,64.05,196,28.25,0.687,35.06,27.36,24.1,19.13,14.11,True,Wider Indian Ocean (buffer around India)
7.75,71.88,19,29.87,0.756,35.1,28.56,26.25,21.95,16.38,True,Wider Indian Ocean (buffer around India)
3.69,49.51,141,29.64,0.751,34.79,28.16,25.14,21.38,15.78,True,Wider Indian Ocean (buffer around India)
10.48,71.35,258,27.97,0.719,35.12,26.72,24.19,20.12,13.95,True,Arabian Sea
18.45,70.4,282,26.34,0.605,35.39,25.19,22.69,19.02,13.86,True,Wider Indian Ocean (buffer around India)
12.98,93.94,57,29.43,0.759,34.58,28.55,25.67,22.13,16.75,True,Bay of Bengal
11.31,89.35,198,28.42,0.731,34.87,27.53,24.66,21.15,15.54,True,Wider Indian Ocean (buffer around India)
17.8,82.1,250,26.85,0.622,34.85,26.06,22.9,18.7,13.63,True,Wider Indian Ocean (buffer around India)
12.36,73.88,310,27.41,0.669,35.22,26.48,23.95,19.73,14.0,True,Wider Indian Ocean (buffer around India)
15.23,84.5,224,27.5,0.688,35.06,26.1,23.48,19.81,14.74,True,Bay of Bengal
15.28,71.54,361,28.59,0.801,35.31,27.22,24.77,20.59,15.37,True,Wider Indian Ocean (buffer around India)
10.66,91.62,136,29.48,0.769,34.75,28.54,25.31,21.42,15.74,True,Wider Indian Ocean (buffer around India)
4.17,65.34,166,29.99,0.782,35.05,28.78,25.9,21.83,16.42,True,Wider Indian Ocean (buffer around India)
18.97,62.34,252,27.07,0.654,35.03,26.21,23.48,18.86,13.26,True,Arabian Sea
20.12,83.06,186,28.01,0.652,34.89,27.07,23.88,19.7,14.47,True,Bay of Bengal
1.38,57.85,287,28.23,0.75,34.93,26.87,24.16,20.42,14.87,True,Wider Indian Ocean (buffer around India)
2.3,57.28,232,28.29,0.718,34.93,27.02,23.97,19.23,13.81,True,Wider Indian Ocean (buffer around India)
15.8,98.86,81,29.28,0.794,34.8,28.39,25.85,21.1,16.0,True,Bay of Bengal
-2.2,54.09,198,29.04,0.738,34.91,27.86,25.34,21.28,15.86,True,Wider Indian Ocean (buffer around India)
13.43,48.59,132,29.02,0.75,34.68,27.82,24.95,21.03,15.19,True,Wider Indian Ocean (buffer around India)
16.88,87.84,137,29.08,0.903,34.81,28.17,25.31,21.22,15.61,True,Bay of Bengal
11.23,81.6,27,29.76,0.797,34.81,28.26,25.67,21.49,15.66,True,Bay of Bengal
18.46,82.73,145,29.07,0.75,34.91,28.35,25.82,22.12,16.06,True,Bay of Bengal
-0.79,77.74,343,29.05,0.79,35.0,27.71,24.45,20.03,14.81,True,Wider Indian Ocean (buffer around India)
1.28,75.14,156,29.96,0.824,34.99,28.52,25.65,21.64,16.33,True,Wider Indian Ocean (buffer around India)
15.79,62.57,176,28.36,0.688,35.03,27.72,25.08,21.69,16.21,True,Wider Indian Ocean (buffer around India)
7.88,94.17,29,29.75,0.788,34.74,28.31,25.47,21.55,16.38,True,Wider Indian Ocean (buffer around India)
3.45,92.96,351,29.6,0.753,34.86,28.66,26.05,22.03,16.64,True,Wider Indian Ocean (buffer around India)
-7.32,53.37,320,29.37,0.681,34.69,28.0,25.26,21.49,16.34,True,Wider Indian Ocean (buffer around India)
23.23,88.61,36,28.39,0.693,34.86,27.48,24.65,19.83,14.33,True,Wider Indian Ocean (buffer around India)
0.49,95.3,9,29.56,0.793,34.61,28.2,25.21,20.96,15.57,True,Wider Indian Ocean (buffer around India)
17.82,70.77,48,28.84,0.682,35.16,27.96,25.02,21.24,15.82,True,Wider Indian Ocean (buffer around India)
4.86,96.75,47,30.07,0.812,34.67,28.73,25.59,21.42,15.53,True,Wider Indian Ocean (buffer around India)
0.73,55.5,110,30.96,0.803,34.87,29.94,26.52,22.82,17.53,True,Wider Indian Ocean (buffer around India)
3.72,57.48,138,30.46,0.646,35.0,29.17,26.72,22.71,17.24,True,Wider Indian Ocean (buffer around India)
7.66,48.01,142,29.64,0.719,34.81,28.59,25.71,22.6,17.51,True,Wider Indian Ocean (buffer around India)
21.38,88.7,247,26.71,0.627,34.92,26.04,23.42,18.92,13.76,True,Bay of Bengal
9.6,96.76,202,28.48,0.781,34.69,27.77,24.51,20.74,15.4,True,Bay of Bengal
19.38,95.76,197,27.6,0.69,34.68,26.54,23.89,19.63,13.67,True,Bay of Bengal
18.14,70.98,306,26.93,0.663,35.18,25.78,22.45,18.38,13.02,True,Wider Indian Ocean (buffer around India)
12.67,60.9,37,29.33,0.75,34.89,28.29,25.79,21.31,15.78,True,Arabian Sea
17.11,84.94,270,27.33,0.712,34.85,26.41,23.54,18.98,13.49,True,Bay of Bengal
17.39,66.25,328,27.83,0.696,35.2,26.87,24.27,19.86,14.71,True,Arabian Sea
16.78,94.91,188,28.13,0.687,34.52,26.95,23.89,19.32,13.96,True,Bay of Bengal
9.7,41.48,126,30.08,0.79,34.56,28.91,26.29,21.04,15.74,True,Wider Indian Ocean (buffer around India)
17.0,99.38,210,27.01,0.703,34.47,25.82,22.91,18.4,13.02,True,Bay of Bengal
9.91,67.2,155,29.16,0.763,35.21,28.44,25.78,21.1,15.44,True,Arabian Sea
16.07,84.67,10,28.96,0.731,34.94,28.4,25.53,21.37,16.29,True,Bay of Bengal
23.83,66.01,262,26.42,0.641,35.06,25.56,22.72,18.52,13.52,True,Arabian Sea
15.64,85.15,196,27.9,0.675,34.95,26.88,23.82,19.86,14.41,True,Bay of Bengal
9.49,96.92,286,27.89,0.675,34.54,27.1,24.55,20.63,14.27,True,Bay of Bengal
5.36,79.92,58,30.08,0.76,35.19,28.95,26.32,21.73,15.95,True,Wider Indian Ocean (buffer around India)
-1.7,40.16,179,29.94,0.67,34.49,28.5,25.9,21.63,15.42,True,Wider Indian Ocean (buffer around India)
8.58,76.63,130,29.78,0.762,35.03,29.23,26.19,22.02,16.5,True,Arabian Sea
18.08,69.0,75,29.16,0.769,35.06,27.7,24.21,20.76,15.0,True,Arabian Sea
16.83,83.8,18,28.6,0.788,34.98,27.72,24.39,20.01,14.64,True,Bay of Bengal
18.2,62.86,25,28.66,0.738,34.87,27.71,24.63,20.11,14.1,True,Arabian Sea
8.46,47.56,336,28.34,0.757,34.79,27.29,23.8,19.18,13.54,True,Wider Indian Ocean (buffer around India)
19.21,94.86,128,29.43,0.711,34.72,28.79,25.97,22.1,16.64,True,Bay of Bengal
15.8,86.65,311,27.44,0.693,34.77,26.68,23.92,20.6,15.05,True,Bay of Bengal
0.52,59.76,50,30.21,0.852,34.81,28.63,25.94,22.1,16.65,True,Wider Indian Ocean (buffer around India)
11.31,52.93,223,27.89,0.723,34.8,26.99,23.77,19.7,14.33,True,Wider Indian Ocean (buffer around India)
10.93,91.16,280,27.82,0.721,35.0,26.75,23.68,19.37,13.99,True,Bay of Bengal
-1.14,61.02,26,30.28,0.777,35.1,28.96,26.08,22.49,17.7,True,Wider Indian Ocean (buffer around India)
6.28,83.25,333,28.97,0.669,35.06,27.57,25.47,21.15,15.52,True,Bay of Bengal
10.11,71.78,195,28.64,0.754,35.22,27.84,24.71,21.13,15.18,True,Arabian Sea
17.41,73.49,264,26.97,0.701,35.04,26.21,23.51,20.22,15.25,True,Arabian Sea
16.69,93.86,333,27.73,0.634,34.66,26.72,23.84,20.19,14.86,True,Bay of Bengal
8.85,89.54,342,28.44,0.709,34.58,27.51,24.83,21.05,15.25,True,Bay of Bengal
12.73,60.04,208,28.43,0.699,34.95,27.78,25.27,20.91,15.79,True,Arabian Sea
10.28,98.89,278,27.78,0.644,34.75,26.78,23.44,19.41,13.84,True,Bay of Bengal
-8.14,56.89,275,28.64,0.664,34.95,27.77,24.8,20.86,15.38,True,Wider Indian Ocean (buffer around India)
1.21,92.55,337,29.23,0.797,34.78,27.8,24.83,20.73,15.32,True,Wider Indian Ocean (buffer around India)
6.93,91.17,358,28.87,0.726,34.81,27.73,24.76,20.95,15.48,True,Bay of Bengal
8.37,91.5,192,28.84,0.697,34.74,27.8,24.9,20.51,15.05,True,Bay of Bengal
16.84,67.8,306,27.51,0.752,35.27,26.45,23.34,19.27,13.94,True,Wider Indian Ocean (buffer around India)
17.83,84.24,70,29.38,0.746,35.14,28.17,24.84,20.7,14.27,True,Bay of Bengal
5.73,97.7,322,28.2,0.815,34.67,27.0,24.54,20.83,15.66,True,Bay of Bengal
-5.51,58.12,32,31.18,0.802,34.95,29.6,26.69,22.22,16.59,True,Wider Indian Ocean (buffer around India)
17.7,80.89,149,28.54,0.763,35.05,27.64,24.99,21.36,15.64,True,Bay of Bengal
10.3,95.15,324,28.2,0.71,34.66,27.15,24.54,20.22,14.56,True,Bay of Bengal
9.89,71.11,12,29.34,0.777,35.25,28.05,24.97,21.19,15.5,True,Arabian Sea
7.02,82.29,286,28.15,0.648,34.91,27.11,24.53,20.89,15.1,True,Bay of Bengal
-3.74,78.19,253,28.72,0.704,35.3,27.44,25.08,20.73,15.26,True,Wider Indian Ocean (buffer around India)
12.54,75.67,106,29.74,0.744,35.11,28.71,25.6,21.14,15.88,True,Arabian Sea
22.74,73.56,316,26.84,0.728,35.18,26.08,23.1,19.11,13.74,True,Arabian Sea
5.63,92.97,72,30.04,0.795,34.58,28.81,26.04,21.23,14.82,True,Bay of Bengal
11.07,88.16,258,27.54,0.647,34.66,26.56,23.51,19.23,13.5,True,Bay of Bengal
9.16,80.69,164,29.62,0.803,34.94,28.79,25.58,21.76,16.6,True,Bay of Bengal
17.85,88.87,273,27.03,0.672,34.97,26.01,23.16,18.74,13.24,True,Bay of Bengal
20.44,72.56,316,27.82,0.61,35.0,26.97,24.24,19.49,14.15,True,Arabian Sea
17.45,61.03,293,27.22,0.694,35.13,26.41,23.74,19.94,14.87,True,Arabian Sea
15.48,84.04,192,27.43,0.665,34.88,26.6,24.15,20.47,15.3,True,Bay of Bengal
14.99,72.57,133,29.17,0.755,35.23,28.3,25.62,20.92,15.16,True,Arabian Sea
9.21,90.04,147,30.53,0.744,34.88,29.45,26.56,22.1,16.19,True,Bay of Bengal
10.25,70.38,342,28.2,0.734,35.11,26.88,24.7,21.04,15.68,True,Arabian Sea
-6.46,84.17,303,29.51,0.829,34.93,27.81,24.81,20.71,14.82,True,Wider Indian Ocean (buffer around India)
14.13,69.04,142,29.72,0.802,35.1,28.77,25.85,22.23,16.83,True,Arabian Sea
16.38,62.77,233,27.27,0.748,35.13,26.16,23.25,18.73,13.38,True,Arabian Sea
11.17,60.68,47,30.04,0.802,34.89,28.85,25.83,21.94,16.71,True,Arabian Sea
9.95,72.76,57,29.91,0.751,35.05,28.88,25.88,21.69,15.93,True,Arabian Sea
12.92,74.88,71,30.08,0.824,34.96,28.79,25.47,21.81,16.55,True,Arabian Sea
11.23,80.95,79,29.92,0.728,34.8,28.85,26.27,21.79,16.64,True,Wider Indian Ocean (buffer around India)
13.02,98.18,196,28.48,0.716,34.63,27.34,24.42,21.11,15.49,True,Bay of Bengal
6.47,96.04,348,29.0,0.726,34.85,27.49,24.64,20.89,15.48,True,Bay of Bengal
10.73,45.05,363,28.43,0.702,34.71,27.21,23.85,19.57,14.01,True,Wider Indian Ocean (buffer around India)
12.86,84.51,361,28.73,0.754,34.85,27.64,24.13,19.84,14.45,True,Bay of Bengal
16.71,97.81,329,27.98,0.728,34.79,26.82,24.0,19.71,14.48,True,Bay of Bengal
13.41,52.9,330,27.44,0.67,34.57,26.74,23.56,19.9,14.92,True,Wider Indian Ocean (buffer around India)
21.7,71.28,119,29.02,0.701,35.08,28.25,25.98,22.12,16.73,True,Arabian Sea
18.16,65.81,170,28.32,0.718,35.06,27.58,24.73,21.04,15.39,True,Arabian Sea
15.09,64.9,136,29.24,0.749,35.07,27.87,24.62,20.25,15.12,True,Arabian Sea
19.89,83.94,343,27.8,0.686,34.84,26.71,23.69,20.33,15.17,True,Bay of Bengal
7.35,98.12,286,27.34,0.712,34.37,26.23,23.38,19.89,14.3,True,Bay of Bengal
18.44,64.92,133,28.54,0.709,35.14,27.59,24.76,20.63,15.3,True,Arabian Sea
19.67,63.18,17,28.14,0.709,35.06,26.99,24.32,20.39,15.03,True,Arabian Sea
9.51,65.41,118,30.3,0.749,35.05,29.41,26.37,21.96,16.78,True,Arabian Sea
5.25,89.05,43,30.4,0.785,34.84,29.17,26.29,21.95,16.67,True,Bay of Bengal
10.1,74.97,363,29.09,0.692,34.97,27.58,23.95,20.01,14.54,True,Arabian Sea
21.15,97.28,306,26.67,0.694,34.54,25.92,22.57,18.41,12.79,True,Bay of Bengal
5.44,87.0,214,28.2,0.691,35.0,27.05,24.69,20.27,14.61,True,Bay of Bengal
13.9,82.74,207,28.31,0.666,35.0,27.64,24.81,20.86,15.97,True,Bay of Bengal
19.61,62.05,69,29.14,0.737,35.27,28.14,24.78,21.02,15.87,True,Arabian Sea
18.56,94.63,313,27.77,0.714,34.81,26.66,23.47,19.58,14.21,True,Bay of Bengal
22.44,74.98,136,28.89,0.649,35.0,28.01,25.02,20.68,15.44,True,Arabian Sea
15.18,82.12,365,28.56,0.753,34.87,27.2,24.38,20.85,15.85,True,Bay of Bengal
0.55,67.53,240,28.81,0.712,35.31,27.91,25.28,21.44,15.77,True,Wider Indian Ocean (buffer around India)
14.1,52.97,218,28.38,0.706,34.73,27.55,24.5,20.6,15.0,True,Wider Indian Ocean (buffer around India)
10.94,71.47,29,28.43,0.699,35.25,27.19,24.33,20.27,14.65,True,Arabian Sea
12.09,70.28,72,30.13,0.825,35.14,29.04,26.08,22.12,16.61,True,Wider Indian Ocean (buffer around India)
5.17,90.19,99,30.37,0.825,34.81,28.99,26.04,21.99,16.52,True,Bay of Bengal
8.34,63.47,352,28.72,0.772,35.04,27.58,24.4,20.17,14.84,True,Arabian Sea
8.31,94.29,291,28.12,0.743,34.64,27.15,24.41,19.68,13.98,True,Bay of Bengal
23.55,65.39,79,28.6,0.697,35.17,27.51,24.98,20.74,15.51,True,Arabian Sea
22.66,62.56,131,28.77,0.702,35.08,27.92,25.18,21.06,14.97,True,Arabian Sea
15.22,65.24,245,27.15,0.695,35.22,25.93,22.78,18.71,13.07,True,Wider Indian Ocean (buffer around India)
18.93,86.05,5,28.5,0.665,34.75,27.68,24.44,19.79,14.35,True,Bay of Bengal
22.7,67.79,163,27.89,0.654,35.18,27.15,24.66,20.8,15.25,True,Arabian Sea
6.04,91.73,153,29.72,0.801,34.73,28.6,25.76,21.66,16.76,True,Bay of Bengal
-6.24,66.25,129,31.01,0.83,35.19,29.53,27.06,23.52,18.17,True,Wider Indian Ocean (buffer around India)
19.39,85.21,302,26.99,0.732,34.93,25.93,22.84,18.76,13.28,True,Bay of Bengal
18.72,74.63,217,27.03,0.675,35.05,26.07,23.45,18.3,13.17,True,Arabian Sea
16.73,80.3,44,29.31,0.739,35.06,28.34,26.06,21.08,15.82,True,Wider Indian Ocean (buffer around India)
8.32,82.47,15,28.99,0.762,34.99,27.65,24.94,20.94,15.33,True,Bay of Bengal
14.61,89.8,228,27.21,0.635,34.73,26.12,23.39,19.21,13.55,True,Bay of Bengal
-4.17,45.63,102,31.2,0.774,34.81,30.08,27.47,23.04,17.2,True,Wider Indian Ocean (buffer around India)
22.93,77.74,295,26.61,0.688,35.02,25.49,22.39,17.81,12.03,True,Wider Indian Ocean (buffer around India)
13.49,90.54,356,28.47,0.795,34.78,27.61,24.55,20.83,14.74,True,Bay of Bengal
11.67,62.44,276,27.3,0.721,34.92,26.66,23.93,20.18,14.65,True,Arabian Sea
15.51,60.83,165,28.65,0.733,35.16,27.56,24.88,20.91,15.57,True,Arabian Sea
14.1,92.9,231,27.37,0.757,34.7,26.26,23.2,19.17,13.68,True,Bay of Bengal
15.91,76.98,47,29.11,0.671,34.97,28.33,25.45,21.22,15.68,True,Arabian Sea
12.22,72.67,106,30.02,0.771,35.23,29.48,27.07,23.12,17.24,True,Wider Indian Ocean (buffer around India)
10.29,86.72,325,28.17,0.664,34.78,27.06,23.82,19.43,14.42,True,Wider Indian Ocean (buffer around India)
15.03,57.87,270,27.02,0.761,34.99,26.11,23.03,18.83,13.79,True,Wider Indian Ocean (buffer around India)
2.09,92.06,112,30.24,0.757,34.81,28.9,26.25,21.92,16.35,True,Wider Indian Ocean (buffer around India)
19.14,75.25,97,29.09,0.772,35.06,28.27,26.1,21.73,16.21,True,Arabian Sea
20.09,92.45,56,28.82,0.746,34.76,28.3,25.16,20.95,15.16,True,Wider Indian Ocean (buffer around India)
21.53,89.13,265,26.66,0.693,34.8,25.53,22.86,18.08,12.58,True,Bay of Bengal
18.39,62.5,268,26.57,0.645,35.08,25.6,22.47,18.2,12.56,True,Arabian Sea
23.58,96.31,44,28.44,0.705,34.7,27.68,24.98,20.84,15.35,True,Wider Indian Ocean (buffer around India)
21.92,92.13,267,26.78,0.644,34.73,25.66,22.96,19.09,13.92,True,Bay of Bengal
20.75,73.53,182,27.84,0.67,34.99,27.24,24.46,20.16,14.42,True,Arabian Sea
21.16,76.74,220,26.55,0.656,35.11,25.61,22.42,18.68,13.09,True,Arabian Sea
13.24,76.2,170,28.93,0.64,35.11,27.53,24.56,20.74,15.51,True,Arabian Sea
20.42,83.11,193,27.37,0.635,34.99,26.28,23.34,19.41,14.02,True,Bay of Bengal
23.22,60.85,22,27.89,0.688,35.07,27.0,24.3,20.45,14.94,True,Arabian Sea
19.55,77.7,47,29.43,0.72,34.84,28.46,25.78,22.38,17.67,True,Wider Indian Ocean (buffer around India)
21.28,63.2,293,26.1,0.659,35.25,25.32,22.3,17.98,12.5,True,Arabian Sea
9.84,94.05,162,29.47,0.746,34.67,28.64,25.92,22.47,16.99,True,Bay of Bengal
20.13,73.21,95,29.36,0.767,35.26,28.83,25.8,21.79,15.99,True,Arabian Sea
14.65,96.26,187,28.61,0.727,34.67,27.82,24.88,20.4,14.75,True,Bay of Bengal
-4.27,95.14,22,30.6,0.758,34.69,29.31,26.27,21.97,16.54,True,Wider Indian Ocean (buffer around India)
20.63,99.34,309,26.82,0.699,34.67,26.18,22.81,18.99,13.32,True,Bay of Bengal
18.57,84.85,145,29.08,0.783,34.9,28.36,25.39,21.76,16.47,True,Wider Indian Ocean (buffer around India)
20.7,84.03,248,27.31,0.632,34.94,26.46,23.57,19.15,13.91,True,Bay of Bengal
-2.54,43.14,71,31.07,0.812,34.46,29.89,27.42,23.69,18.42,True,Wider Indian Ocean (buffer around India)
6.41,98.76,95,30.41,0.789,34.84,28.93,25.99,22.24,16.27,True,Wider Indian Ocean (buffer around India)
21.5,73.99,356,27.77,0.765,34.95,26.91,23.6,19.34,14.04,True,Arabian Sea
16.77,82.91,198,28.46,0.75,35.17,27.29,24.14,21.32,15.92,True,Wider Indian Ocean (buffer around India)
21.32,94.7,42,28.48,0.759,34.78,28.18,25.52,21.1,15.22,True,Bay of Bengal
12.18,88.77,3,28.42,0.72,34.54,27.35,24.18,19.55,14.77,True,Bay of Bengal
12.2,70.21,127,29.44,0.8,35.29,28.39,25.51,21.32,15.55,True,Arabian Sea
11.67,89.29,25,28.88,0.685,34.9,27.61,24.95,21.09,15.42,True,Bay of Bengal
6.98,88.84,140,29.86,0.784,34.93,28.59,25.28,21.37,16.19,True,Bay of Bengal
24.22,50.81,119,29.45,0.801,34.99,28.64,25.79,21.64,16.24,True,Wider Indian Ocean (buffer around India)
0.25,96.03,362,29.58,0.772,34.76,28.43,25.47,21.72,16.55,True,Wider Indian Ocean (buffer around India)
9.15,62.62,41,29.62,0.849,35.16,28.43,25.04,20.87,15.63,True,Arabian Sea
6.01,82.17,301,27.64,0.631,35.04,26.66,24.12,19.56,13.93,True,Bay of Bengal
12.45,74.52,140,29.04,0.734,35.06,28.02,25.33,21.08,15.68,True,Arabian Sea
-2.07,94.83,44,30.39,0.804,34.56,28.81,25.93,21.76,15.77,True,Wider Indian Ocean (buffer around India)
8.83,90.5,356,28.53,0.721,34.83,27.47,24.69,20.84,15.65,True,Bay of Bengal
5.63,85.18,243,27.99,0.703,34.82,27.01,23.92,20.03,14.75,True,Bay of Bengal
15.26,74.6,361,28.53,0.781,35.11,27.43,24.35,20.69,15.34,True,Arabian Sea
13.67,68.32,277,27.52,0.711,35.14,26.66,24.23,20.11,14.42,True,Arabian Sea
-8.36,63.82,231,29.37,0.785,35.02,28.13,24.82,21.05,15.25,True,Wider Indian Ocean (buffer around India)
18.18,71.92,163,28.14,0.646,35.04,27.28,25.36,21.65,15.86,True,Arabian Sea
19.82,99.31,316,27.07,0.695,34.67,26.55,23.19,19.48,13.19,True,Bay of Bengal
13.09,66.71,352,27.92,0.818,34.96,27.09,24.59,20.18,14.92,True,Arabian Sea
11.09,95.55,131,30.05,0.857,34.68,28.93,26.25,21.96,16.55,True,Bay of Bengal
-0.81,77.69,71,30.71,0.702,35.07,29.74,26.91,22.44,17.27,True,Wider Indian Ocean (buffer around India)
23.79,75.65,43,27.94,0.812,35.05,26.84,23.92,20.17,14.46,True,Arabian Sea
14.68,85.43,4,28.94,0.724,35.05,27.75,24.73,21.06,16.09,True,Bay of Bengal
14.34,54.15,325,27.75,0.684,34.91,26.99,24.05,19.76,14.72,True,Wider Indian Ocean (buffer around India)
6.0,54.56,188,28.91,0.736,34.84,27.81,25.01,20.75,14.82,True,Wider Indian Ocean (buffer around India)
17.5,67.03,346,27.73,0.674,34.99,27.09,24.89,21.18,15.68,True,Arabian Sea
18.14,91.51,307,27.0,0.625,34.7,25.74,22.84,18.61,12.91,True,Bay of Bengal
24.42,91.52,80,28.69,0.733,34.71,27.55,24.6,20.47,15.03,True,Wider Indian Ocean (buffer around India)
2.79,48.46,128,29.97,0.802,34.74,28.95,26.22,22.23,17.02,True,Wider Indian Ocean (buffer around India)
10.73,65.31,335,27.77,0.732,35.25,26.49,23.71,19.95,14.48,True,Arabian Sea
9.48,58.47,3,29.03,0.752,34.99,27.85,25.09,20.31,14.64,True,Wider Indian Ocean (buffer around India)
9.91,83.85,48,29.36,0.756,34.85,28.17,25.42,21.69,16.38,True,Bay of Bengal
8.93,95.02,260,27.36,0.707,34.64,26.03,23.33,18.89,13.41,True,Bay of Bengal
14.47,59.38,23,28.84,0.749,34.97,28.04,24.97,21.22,15.41,True,Wider Indian Ocean (buffer around India)
15.39,76.31,21,28.59,0.765,35.03,27.66,24.18,20.58,14.85,True,Arabian Sea
-2.42,52.78,355,29.48,0.758,34.88,28.14,25.4,21.35,16.35,True,Wider Indian Ocean (buffer around India)
19.76,65.03,351,27.28,0.61,35.16,26.38,23.88,19.09,14.07,True,Arabian Sea
0.54,53.36,108,30.41,0.763,34.87,29.1,26.75,21.92,16.29,True,Wider Indian Ocean (buffer around India)
18.39,66.79,116,29.09,0.74,35.13,28.22,25.66,22.04,16.68,True,Arabian Sea
18.4,67.36,17,28.47,0.733,35.08,27.62,24.68,20.9,15.37,True,Arabian Sea
11.47,75.03,183,28.62,0.694,35.0,27.61,24.91,20.78,14.82,True,Wider Indian Ocean (buffer around India)
8.01,99.81,69,30.01,0.798,34.54,28.75,26.18,22.4,17.25,True,Bay of Bengal
5.03,53.86,127,30.29,0.785,34.98,28.79,26.1,21.83,15.81,True,Wider Indian Ocean (buffer around India)
20.43,81.28,170,27.8,0.652,35.15,27.33,24.26,20.37,14.55,True,Bay of Bengal
14.84,98.24,340,27.39,0.699,34.78,26.23,23.53,18.76,13.02,True,Bay of Bengal
5.81,97.04,320,28.05,0.678,34.63,26.55,24.06,19.71,14.73,True,Wider Indian Ocean (buffer around India)
14.7,99.18,293,27.25,0.707,34.78,26.47,23.07,18.42,12.93,True,Bay of Bengal
16.92,80.02,184,28.79,0.707,34.95,27.85,24.58,19.82,14.26,True,Wider Indian Ocean (buffer around India)
6.87,90.17,276,28.26,0.701,34.91,27.22,23.88,20.34,14.19,True,Bay of Bengal
